Kundennummer,Kundenname,Kundenalter,Jahreseinkommen,Kreditsumme,Kreditwuerdig
20febfb3-c6b7-4f52-a68f-83fd3692a7bd,Yarham,27.90,49610.50,302525.68,false
bb1856f6-c955-4afa-bf93-d8a0f27b43d4,Andreoletti,58.47,52933.29,259144.25,true
8a9288fd-f062-40fe-992f-7aaa4f15df78,Holton,64.74,62193.45,140382.18,false
61131d1b-18a8-42b3-8ad6-16846694f058,Mingard,24.96,31910.87,225215.57,false
bbf10c4b-af0e-4f7b-a702-8ffbb3b1793a,Mongeot,83.37,30597.69,194016.80,false
9a1f9eb8-6eb5-4b0d-bde9-59e8496f873b,Colcomb,25.03,99460.22,391893.95,false
a7259ea8-a8a5-4f41-aee2-2367552e902d,Hamson,30.57,68782.68,358882.10,false
54d913ed-fd9d-4ba8-8bac-3e9162051cfd,Rego,43.68,71882.90,227664.48,true
3eae700e-f822-46f4-82ba-444866fbd868,Savill,36.67,32243.27,336440.90,true
9da4cbb2-836b-43ba-a722-c9b0a159e2b2,Nagle,77.39,54494.31,326310.26,true
256b8a63-7453-44d7-bbd4-744b43755ac2,Andres,46.77,66454.95,400411.18,true
93bcaf29-36ee-454f-9ffe-7f92988b725e,Evason,35.68,90037.24,120249.72,false
70ef3502-3e60-439e-b340-d448a8e008e3,Sabate,50.27,37359.61,72555.43,true
188c0aa9-b305-4525-8017-039418ba0df5,Nanni,41.84,33124.02,315320.00,false
3bece2c8-0ece-4e2e-b2e1-05bf70355636,McMychem,71.88,53213.31,164620.96,true
e592b756-6932-4fdc-9eeb-b914c56bfbb6,Goor,31.38,64402.27,64682.83,false
844a9fa6-3684-4f8f-ac75-a83bd265e592,Brydell,60.32,32889.57,312145.90,false
6c694bfc-3042-4a2d-924b-dfeff942ba81,Mattisson,68.19,56708.58,368772.92,false
52104518-2e13-461d-90e7-a7c7c15da709,Petch,62.17,44527.46,419664.12,false
05ffdd5f-709d-414e-a62e-25be4dec60e5,Gerardeaux,27.43,48348.61,429410.80,true
99fd5508-8c40-407c-a4d4-77604faccf16,Tribe,28.45,72128.17,221886.54,true
a24abab7-cce9-4acf-bd9c-432f3c86ee8c,Triner,94.57,91865.51,325874.99,true
8cf81276-2db6-4dc2-ad96-b8a75e397bec,Komorowski,55.22,76055.10,325969.44,true
d6168330-3746-4853-81f5-9381b4da6206,Kos,52.01,55687.97,435884.87,true
7bba4b9f-389f-42cb-8ff4-e8cee400ba73,Sennett,85.35,99038.89,147917.62,true
3bff930b-cec7-495b-be82-cf01856aa59a,Aucutt,38.29,84288.73,98370.65,false
08d758c3-3720-4186-8730-010d975061c3,Danne,22.75,47371.89,281765.31,true
73baff20-1eb2-4976-9371-89c96d863b19,Defraine,28.20,81426.58,210025.88,true
7a6ee60d-6077-44b4-9c78-6327e881d5e7,Coggeshall,83.61,70608.70,125685.86,false
8d4d8bde-2f2d-4a44-907e-cf9bbc530743,Bickerdicke,53.97,52657.44,242371.03,true
b76bb53e-0c7d-405c-a2e7-665c18e939fb,Offner,73.17,62857.32,309190.30,false
2d949403-7bfa-4ecb-bff8-b91a9f9364b3,Gilardi,43.87,64732.20,341071.13,true
d2ca9d43-3a4d-4ff1-99fb-2e3af8f7f9ef,Webbe,75.93,42052.33,341756.15,true
4090db29-3597-4a85-a2c2-8302513eab3f,Trevan,86.49,98865.11,206102.41,false
525a3174-d0ac-4a56-8c08-795e13b25bb0,Drane,24.06,59554.26,357031.73,true
7ee6b5e5-d049-4a99-8a38-05597d260427,Stapforth,55.15,90143.57,334659.87,false
54979ced-c1fb-4f6b-998a-c401c01e34bd,Hymor,32.99,36869.21,193448.82,true
50b67a3d-06a6-4c51-84ac-3d27f8ef1914,Crockley,58.49,79466.03,147920.61,true
a800e25f-5074-4079-8746-992c550ade26,Auten,68.53,90768.03,384043.04,true
03956eb9-51da-410d-9219-62031fc6c860,Leatham,93.89,83681.65,306198.42,true
e2a1624e-6d11-4c4c-89cf-0d3719175110,Ivashnyov,19.33,84855.07,347918.08,true
b4c7fc9a-6791-47d8-ab10-0ff299d149ab,Zannotelli,81.45,95683.51,384196.93,true
d71bdae2-573a-454f-b058-308dd230d563,Godlip,96.34,44319.82,378542.51,false
40afadb0-0454-4400-bf84-8761c01d4ea4,Millhill,71.96,49282.13,334892.29,false
3bd2b5a2-6ad2-4648-8489-007d9e0f66f1,Truwert,49.90,35309.24,434325.49,false
3c50228f-0021-461d-a124-7ff2b494ba50,Crab,35.06,51989.69,62121.91,true
91d35ee8-c5e8-4284-91c5-be48a8074b41,Hubbis,34.68,98109.62,102268.58,true
d42a9717-f909-4e82-9f80-b9f9f4b9176c,Pointing,57.72,65487.30,357203.81,false
e815ab63-510a-452c-90ed-37ac49999cc2,McGrail,18.13,72066.24,130410.07,false
44c9f86d-4e8d-4e7b-bf03-69f942cee0bb,Lindelof,56.22,82871.58,117120.75,true
797cfd4c-b016-4b59-95fd-cdf9d58a9c1a,Creamen,53.17,90671.05,398154.31,true
c3b2ea09-7458-4fbd-bd6b-cf6443267ef2,Goodredge,63.44,89022.12,237973.45,true
adf37ce7-eacf-4871-8bae-f0bb257d3db0,Scantleberry,74.40,32122.73,163335.94,false
5581d69b-a853-4de8-8b79-ecffe96525c0,Drains,97.09,58756.11,350057.00,true
e646a4c8-d652-4948-ab74-a1065b0c881e,Mattityahou,39.96,63162.92,380383.44,true
602f7c66-8513-4901-b9a8-b7cdba11880e,Bennell,64.99,37203.65,302090.56,false
120d505a-8f91-469f-aed0-fb771f09366b,McCusker,39.28,80222.00,359155.43,true
53158105-ee4c-4ab3-8e13-ba0d79f572ab,Dekeyser,51.58,49185.79,61579.14,true
fa3e9329-9f31-411f-821f-c9bb22aa415a,Guirau,64.23,96359.78,200327.88,true
95a3ccd1-5a9d-497e-af46-b5086ad66bd7,Mostyn,80.66,71800.73,376736.94,true
2ce828a1-ba52-4d19-80fb-e280f67a575a,Egel,88.34,31613.66,175041.89,false
6757b1f3-dadd-4078-9cee-a37a41bcb730,Caron,87.23,31780.31,165412.23,true
45974b4e-fdad-49bf-9a9c-aa4cc10be987,Matei,92.21,62005.28,250112.55,true
5b5fb440-4937-4a49-8bca-2a7f86e42a46,Bowring,75.20,82135.61,264993.87,false
80f97d6d-6f32-41bb-9f80-30291250d5f5,Kenealy,69.31,85887.69,308981.86,false
bc2be51c-c60e-4684-a5f8-bb95234395f1,Farrell,93.56,58124.62,273005.19,true
a1867c72-eb23-4cdd-bb55-c100f857f2c6,Gardiner,61.64,95769.84,344507.03,true
f4e01af3-b333-4c8d-9039-b80a1f73e475,Nottram,54.90,97492.28,332079.67,true
19d31257-9ccb-49bd-8b5a-b5c5c2c4c94d,Foldes,67.74,63447.92,155428.52,false
60e16ee1-2559-4051-88a4-de1f60a09747,Norcock,88.39,71289.83,273184.96,false
10de064f-e0bb-41a1-b8f6-b60a6fdf81f7,Tabourin,29.32,50151.42,323379.85,false
2222d307-7417-4b11-bb91-38cce62e2b94,Colegrove,61.53,34895.48,182352.38,false
08d24b8f-3f0c-4c15-84dd-eb1bb05152db,Alexsandrov,86.56,45981.42,440517.57,false
45a1e0d8-f77d-4ca5-b108-a3dc31a2af61,Dunton,80.39,51465.52,325738.18,true
7d4bc3af-fe98-4c21-a1b7-61641d1e3afe,Leggott,83.80,72941.97,434153.06,true
fa6ca796-35fd-4d51-97d1-b14b406a735c,Jeffery,90.89,90685.50,304692.03,true
b1c52a26-b43d-4d3d-8e48-90a849f8049f,Joanaud,43.66,50191.38,89934.36,true
8553fa68-d7d1-4f49-a5d9-b8314e9a134e,Leivesley,51.41,34328.19,72777.12,false
aa47821a-b2de-4e2b-aecd-82d69a4f6de2,Cloute,80.53,54046.79,241996.71,false
031f1eef-fb3e-4232-b713-0b4b3db7e567,Battelle,23.90,52246.77,318222.30,false
62bb584c-abf9-4d3e-acd9-668bf286d9b9,Meyrick,86.79,40928.40,369704.37,true
1857ca6c-b141-4f02-83bd-1ff1dacd3551,Le Gall,69.30,42997.22,275906.97,true
cb79a3cc-fb90-42e6-88de-719c364ae3d2,Whiteland,69.85,75327.22,81365.66,false
faf82373-51f6-4bae-9955-721b71d1ca13,Duckhouse,60.33,40802.33,211327.68,false
ba3aacba-0b43-4fc0-a208-c15d76599f6a,Kochl,86.55,97674.77,213998.56,true
7d0a3755-b0fa-4a20-8182-069ea4362749,Wimlett,70.40,42976.73,122473.53,false
c1dc0d88-df8d-4068-8fae-1d3f96cfd733,Rutland,38.64,39800.47,422541.99,false
1059c5d4-b5a5-4537-9a7e-2d1a80c2a0b4,Nacci,51.51,42663.25,393757.58,false
cccb15ad-c6b5-4a85-8ef7-8d9de9fef93d,Botting,80.10,85184.06,118412.44,true
ff13bdb2-b0f5-4361-b39a-b5194d0497ff,Jacobson,89.92,37880.57,217695.52,false
82fb9ed8-17f3-457b-ac5d-85fcd1a0e4cf,O'Tuohy,87.09,47648.29,359989.84,true
947f6668-7a1e-47ea-b765-22cbfe62640d,McGeaney,89.45,31484.29,281300.32,true
67b4943b-f855-4923-931d-b2205b1a7dd8,Parmby,97.18,30143.27,354074.31,true
65133413-f64b-4d15-837d-fdb6969bb1df,Reece,65.97,88646.72,330091.14,false
c5e905a0-965b-4408-83c3-1eac765e6061,Dayborne,89.31,75768.85,231701.16,true
0e2db6ba-79b9-410c-852a-512aae19ebd7,Bazire,97.38,73693.50,172518.80,true
52b543b9-5ad2-45f2-ba46-5f12ed001990,Fausch,28.28,78843.28,193403.53,true
983fb16f-95e2-4b81-946f-73137dd9e461,Kaysor,45.68,89910.95,286519.73,false
a09afe5d-e00c-474c-9b47-3293c24cb825,Glasson,40.34,47350.27,351546.74,true
95262754-4627-47c1-bbc7-b0672ccef44c,McKeeman,57.58,78396.23,364349.04,false
2fd985c5-94f7-4bd4-a600-b63d59f84900,Kennerley,73.51,70262.28,430519.64,true
7260b198-4bb7-44c1-b1fe-88f46bfe010c,Ottewill,23.52,37570.63,355757.65,false
5d9380e0-bf6a-4019-b2f9-5c43f01c5c3a,Dauber,91.99,45074.56,390093.64,false
aa09ca24-9cea-4fc5-961e-b4a38620f5e6,Hucquart,31.75,32940.12,442178.35,true
5c39cb39-69a7-4bb4-8a97-911f0481134f,Madill,55.53,85406.54,146684.77,true
5e15b05d-6f40-4a7e-91fc-c64ac2ea8c37,Hake,32.19,60088.18,88459.31,true
3b2f141f-aa24-4f0e-9d61-3620021cc30a,Peatman,87.32,47982.57,422109.27,true
7519f2be-6630-4ade-906c-c7bc20a2c9ec,Goble,42.11,37960.96,410258.71,true
d6f379f3-7e55-44f5-9458-7866b790bd10,Detheridge,76.61,55833.75,131836.26,true
b4c26c65-8ae7-4e7f-b965-804443ddecc3,Brewers,47.42,96500.77,365557.10,false
44ab1719-b1c5-4f31-8ab3-6b8a91fe20cd,Weston,90.87,50055.50,304065.02,false
d46b571e-2ee0-43e8-88da-cba2d815e646,Blaxland,18.08,85415.68,355423.41,false
21c10b4c-cab8-4576-a0d7-21f29151d9d6,Cruwys,52.99,64422.72,223675.60,true
86ff7d24-ab60-4c2e-914b-a8dca84dcdcc,Nend,92.48,49609.38,287728.97,true
e9af4073-996e-4d82-9c49-a1049bf1c2a5,Duckerin,26.81,70560.40,291308.91,false
2530d1a4-ff5a-49af-8896-081b3960e631,Bridel,43.01,32381.04,315172.95,true
2fc39337-1fc5-4f44-ad78-d507db3726ce,Boerder,39.05,76770.06,207845.47,true
c704371e-4ff3-40c5-a569-9de80831d650,McMurty,57.17,91127.91,271096.37,true
3256de96-3d98-42f6-b0d3-75309bfccb92,Piscot,52.13,64530.53,65336.17,true
9cb0541b-8de7-49bd-9f97-6a4267da66e0,Chamberlen,83.52,92436.61,141330.88,false
8b26b977-b105-457f-81dd-a6b96a5a1a49,Verick,26.85,81279.11,140690.39,false
ec3abbc3-a5f5-4798-9f1b-64dbe85a7af3,Sambath,90.98,51094.52,211720.23,true
1c474886-6d97-430f-95bb-4e84dbd574fe,Rabb,58.54,79546.45,151028.84,true
8dc1c971-9ead-4f67-9c72-d498f3488e2d,Simanenko,51.88,86973.80,66566.43,true
ab5bcba7-f889-48bd-85e1-718403c318a7,Hainsworth,36.80,99160.68,106474.22,false
feb7d917-4913-447a-8793-df19952c5f3f,Kusick,74.87,38947.73,314449.70,true
3be4e325-21ca-4fc5-ac20-11bf402bdc8d,Fassam,35.52,88040.20,264289.85,true
d8e278d6-76c1-4bfb-ad22-e360ce76a566,Hazart,22.41,88269.58,314232.55,true
b352b04a-ccfa-4e4c-a1cc-214bc4280c28,Walaron,90.04,36022.02,257228.36,false
0fbb48e0-7579-49d7-ad1d-cab71fc30e63,Lening,20.89,86647.30,88189.02,true
fc7643bd-6df7-4941-a936-2f58c20b59b2,Albrecht,63.77,46564.47,182478.54,true
e1799b3a-129e-464c-957d-530ad3a812c5,Hopkyns,64.37,84404.80,103740.20,false
d9b6c942-f9f8-49e6-be50-26ec35ea2fb7,Storkes,83.64,80179.11,205416.24,true
a90787d6-78eb-4268-913a-7e882fb50f0f,Tottle,62.86,68762.95,423809.82,false
b59eafcd-d071-4eca-9a22-745187cf5e92,Duggary,45.26,87505.69,70726.45,true
c8f29ae7-52c1-4311-95b4-1b91dc667af2,Simms,36.26,52869.23,377853.29,true
fbe6e41b-8422-4c83-9dbd-8ffb6f9dd8ed,Elfitt,21.39,83348.31,329259.36,true
bb5284d5-8e58-4e2d-a573-775f7f43d4e0,Ricks,28.84,44727.72,154508.22,false
15360323-21a1-4ff6-bcca-a5b768ee9bd2,Sweetnam,83.21,65575.99,127075.45,false
ea92b1df-6e11-4233-9619-32178d913689,Crohan,74.86,99812.63,143418.56,false
f665b34d-c4d1-49f7-8139-b43920475496,Kunc,32.68,48868.31,187106.31,true
4802ea8e-e249-4c35-8a20-04821b619308,Ayton,24.96,80056.72,423480.85,true
aa2e0d21-0978-4c04-bf01-ae9087a44724,Itzhak,52.37,42193.16,222454.57,true
3e255040-162a-46ae-a6c5-e20850b7b871,Newlands,69.80,34889.07,430233.10,true
8a440486-ba21-4308-8ad9-2a8517aaba12,Kubicki,79.65,62691.22,223961.79,true
141e3edc-6bbf-4476-9b3e-227289606029,Iveson,44.32,56545.33,69843.32,false
2f6bcd2a-9c94-41ed-ac2c-ce0cabb5f7fe,Blow,83.80,66539.81,75922.36,false
58b97dd9-bffd-4c58-a116-81c7cd4c8808,McCaskell,29.17,79716.54,201726.59,true
7ad355ec-3b24-48c6-8099-45d7f963138a,Winslow,64.66,46070.01,337325.58,false
7635f327-917e-40fa-8946-0e8ea0b90287,Solloway,73.03,80537.58,89618.25,false
982a840b-8f3c-4ca6-9588-b49863de83e4,Durn,83.12,57667.86,294789.43,false
f56f971d-00d1-449a-ae00-99fc3f2f92d5,Alben,54.05,90822.12,177379.27,true
36ef3572-e0e6-4a40-ad50-a0c242261020,MacGaughie,36.39,84302.78,438311.02,false
d94aac50-50e4-4854-bb5f-d4ee6b3f280c,Forre,64.07,44288.67,140028.91,true
22ce857a-bcca-46b3-b502-0a00f98077f5,McCoveney,81.07,78395.05,351035.04,false
feced27d-dedf-4247-a2fa-3b4a074efd63,Epilet,28.12,67369.40,236117.09,true
669062dc-f007-4347-8beb-cb2cef55e41a,Andres,33.97,81432.55,437810.23,false
c02df969-4dac-429a-a439-efba0b0a8e3e,Klaessen,29.23,53682.49,199620.94,false
94806734-9862-402c-84c7-2c4cbf44f361,Howsego,60.59,69344.06,158812.98,false
4ad7040d-a312-4260-b63a-ea14c89cc10d,Janak,30.17,78733.07,371072.71,true
16faa15f-9073-40b4-a195-e6c5b7703f7e,Bugge,32.54,87161.91,374988.51,true
f6dc50de-582c-42cf-b6c9-8e78b95cf860,Bazoche,27.41,88136.75,355018.68,true
4c50758d-cddb-45ff-9a13-efae02a9172d,Yansons,87.29,83308.28,287579.81,true
af9a6962-6cae-4220-b466-57c7fa1b3b30,Digby,75.56,75248.35,435348.44,false
26d7d447-b24c-4692-9e36-70a788704e2f,Raveau,18.90,53116.08,141693.74,false
ed735e17-92c5-405a-a8d7-13d6fc88cfac,Binyon,42.41,69097.54,230702.52,true
677ccbf8-4049-43b6-8833-b8678216506c,Beastall,34.28,45127.27,328368.79,true
28f46a9e-eced-421b-82d9-f44e7448a1a0,Slyford,89.85,68998.06,62042.04,true
bdf9cd95-d9c1-404a-8711-19958bc1426a,Sorby,22.39,60758.86,132502.19,true
d8fae4e9-503e-4ca3-b8b3-c6e4378a907c,Chidlow,52.46,69105.60,334658.13,true
eb342302-a40d-4f4a-865a-7caa1c295717,Colquhoun,93.01,56284.58,152402.09,false
c7c45640-65ea-4b78-a463-92b0bc2b2256,Butchard,73.79,58953.24,406884.84,true
ac213107-014c-4b13-92e2-9f5b7551f9e0,Baccup,34.55,90358.46,88624.08,false
115184b9-1f9c-431a-bab2-743840a261e9,Menault,88.72,30999.92,429034.10,true
8d43bce5-6c5d-4560-96c3-0d368e7dea2e,Rubanenko,48.89,31241.09,83779.88,false
766d3f5c-5a14-4b87-8372-23b91d722a80,Belison,65.31,85408.93,88416.18,true
754674c5-568a-49b5-86ae-95c096b50d35,Stallion,55.24,98618.85,251682.98,true
c17bfd4b-65ed-4d2f-b69c-50892fe22fcc,Djurdjevic,76.15,54191.11,320804.82,true
4b66b69b-79c2-4d59-9a47-d2d76c42404a,Blaszczak,56.56,75545.78,108014.32,true
19097a5a-0f40-4fc8-9e6f-cf297054f53b,Kendall,37.72,78855.01,355018.83,true
7c948f93-3ee0-4769-aa60-3d6357e3f399,Codeman,68.83,72476.31,97543.68,false
6a701ec7-f798-4641-9743-3b65f2dcdc61,Caffery,79.43,61146.57,182800.24,true
21795ed5-4dfc-407e-bb60-a69614fc8765,Hickisson,27.38,91654.81,366096.83,true
89544e7e-aae7-4627-ba93-984dd10433f9,Dalinder,52.99,37126.65,428824.76,true
9044b126-69c4-48e7-8460-03084ec5a871,Stanistrete,62.81,49790.01,298544.44,false
cd232dc6-7e62-46f1-9f61-592324bac25d,Huscroft,86.90,86827.38,100310.15,true
b192bb38-249e-48b4-8f4c-67b7c313f337,Casassa,89.86,81954.84,87282.06,false
3a0bf248-ab20-495f-96df-8fae60aa7893,Stendell,20.33,96932.99,148107.52,false
7a7e5d47-0d8a-4248-aa44-060aded12266,James,62.75,50375.10,157411.61,false
e0e51fd6-3363-4d51-9464-b730e5f5b20f,Stallard,37.83,50893.52,409958.98,false
4bbeb13e-7dc2-4a85-b771-e54bcb711229,Verry,78.87,61772.70,126281.30,false
d688517e-ea74-4607-beb4-078b99991f14,Draysey,28.58,94481.42,292823.21,true
e87fa13f-0fc3-4364-a2fb-c1b0ffa4c5ea,Banham,54.35,71663.02,145914.23,true
873ad73c-19c0-434f-ac35-3e3df28fd733,Fortey,59.74,69671.48,365366.28,false
a41ffb0b-f77d-4e43-b529-743821beddc4,Trengove,33.68,99392.26,276078.22,false
612b6a0e-ab40-44cb-a2ea-04d1eefa5956,Batistelli,70.47,40958.04,234050.81,false
f5779c55-fcc9-4fe3-9e8d-b4ff12fea651,Twigley,72.56,47779.49,405442.32,true
5b8f7a40-be5d-4e0f-bbf8-19a8d726fe85,Struther,67.33,61114.49,177155.91,true
d6be02d3-e0e4-498d-b4cd-53667d9b217e,Halvosen,65.00,44902.32,377674.87,true
47ef8904-2975-4da2-9b9e-8d88d7138294,Grealish,69.94,88434.33,172121.30,false
1eb2d3c7-f13b-4122-bf9e-1af74b1b87bf,Polhill,39.65,86118.15,411476.44,true
a2e3404e-7170-4c72-869e-f77d18653750,Gisby,84.85,41909.97,255741.35,true
cc7ea0ac-fb6d-47c3-8d0a-16c5db867306,Lauder,93.49,53159.19,68336.07,false
92d0e66c-1a00-4371-9ec4-a2e8696fbffd,Iacovaccio,66.39,56459.17,174520.79,true
2fae7a58-6687-47b6-a9c4-fb6c618b1526,Bredes,89.93,53377.59,61232.83,false
8edf982f-1956-461e-a85a-442875da8b0c,Corke,29.44,40373.43,333277.75,true
697a99eb-f09d-4d07-914f-d35b934625b5,Blamire,96.65,71289.54,311926.23,false
475879e7-468f-4c7e-b07d-e189ac407230,Dewhurst,20.23,95025.37,389370.55,false
dd880d34-e9b7-4435-a786-10b4b389654c,Benitti,49.86,94538.67,305452.91,true
b35d41af-e152-4b5e-baec-dda4b5ee1b82,Kuban,54.52,56223.22,194383.70,false
64a5e957-11e8-4b68-a1df-c4255f176f56,Gosneye,95.65,59986.14,322453.99,true
f2044570-2bda-4e71-a393-ec43db657e1e,Hanalan,37.36,59309.62,360041.24,true
2c00a28c-a256-470b-8492-026dd57aa198,Mattheus,76.49,91401.93,378946.10,false
cfd0c203-ebe3-4820-9c04-111e33748acc,Camilio,20.27,56822.52,114577.39,false
98f5028d-ee13-4a2e-b42a-e1f15175b950,Redmell,67.73,49980.30,275729.04,false
6445f256-079e-4457-8582-18daa39c928d,Antyukhin,55.12,56077.55,76483.76,false
2c941bfd-31e4-4001-bf4e-c153b38a0cca,O'Deoran,87.08,94554.13,311583.76,false
59ce7cd9-32e1-46f2-b471-a8603c0124bb,Trowell,18.20,53500.69,97477.04,true
53efaae4-1135-49f7-a5f6-6b6199283dfc,Eldred,81.81,35352.64,125352.82,false
7ef91a5e-120b-4649-95b9-212378de1741,Wilfing,51.96,94943.85,255267.09,false
857205f7-59d2-4908-a9e8-44b73d46d3ac,McCaskill,83.29,88548.37,257116.60,true
be7a835e-697c-48ec-a4d5-b22fee35f2d2,Murney,49.37,92855.91,165947.13,true
f2340425-eb96-42ff-ade1-7c6348e2526d,Botterell,90.69,59505.96,226282.85,true
185bf89a-f079-4d05-93f8-3e30457124b2,Eton,44.94,78679.01,96133.80,false
e43f73de-fbeb-4782-871b-68b12d3f6d02,McMurraya,44.49,32969.90,296087.31,false
330744f9-7c04-443d-8a8c-eb1a9d85a1ba,Idwal Evans,50.83,30587.73,293030.37,true
c736c42c-8f59-499c-8547-ecb7ac4ccefe,Bensusan,22.89,84549.02,208672.41,true
7358f151-baa4-4631-9e46-a622c0fa4f13,Buttel,93.67,54895.19,388579.39,true
ac3d7f8c-5420-4c4a-9727-8a5143a622ec,Burree,51.35,61834.79,416566.19,true
5b9186b0-b912-45d4-868d-c213131e9f00,Doorly,66.30,32657.46,382183.91,false
71a9963f-d0e5-4390-bd90-a61b660d9343,Franchioni,75.33,97355.50,396216.87,true
cc3780ac-1c84-45d5-91d6-cf75078d0423,Martynka,32.03,61771.39,338850.99,false
30b0ba02-8fe8-4f39-9bb7-ad1f435e90b7,Quail,20.84,71767.02,278091.00,false
5705178b-3830-4304-9ad8-d4441f5ec18d,Dolden,78.53,94753.97,272354.99,true
809254ce-4c47-4ac3-81e0-3be95761f454,Berdale,81.10,95379.27,90259.28,true
29164c94-d366-4460-a107-75d81a97ecda,Kinnier,76.37,33340.09,385341.21,true
cccfd1cf-a038-4649-bf10-326c21d1f449,Cabrer,70.74,47831.57,241771.73,true
03e4a1af-0234-4110-8ec6-76538137bee0,Deares,86.17,77679.68,349408.11,false
b0db66e0-6568-4bca-96c8-fe2ed8847205,Fitt,18.36,64994.90,253926.90,false
58871e2d-aec2-4e45-bdec-ef389363f1fd,Glisenan,98.71,82738.94,336482.23,false
bf810b32-7302-4813-94cf-3cfc8c5ff3b9,Longland,78.61,74660.79,202039.30,true
a57b94c5-f5aa-48cc-96ea-58404ce241d9,De Ruggero,86.24,33240.35,283038.20,true
65218798-bd97-4e70-b461-30bbc988d899,Carletto,46.01,50820.06,411885.03,false
db372985-6785-44c0-b589-c2f1a21c9751,Wackett,55.20,82536.60,65640.05,true
4efeef36-2785-489b-9941-bcbafde4df55,Moggle,44.62,77358.39,98341.39,false
cae528c6-d80b-4d9b-9f51-3e23b8557cb2,Roocroft,86.29,55249.13,146626.64,false
9e460d13-10c2-4b62-a28b-6f79718209c5,Ammer,47.68,65100.07,420551.22,true
6ceac789-3db6-41d5-a3cb-3916ea4cb2e1,Klainer,23.25,94728.14,338454.96,false
b4ad566d-42e2-46ce-ad28-00a4249095de,Paddell,81.71,64675.18,139307.49,false
7951fa45-40aa-48fa-9c5d-f9687bf20b7c,Faro,64.30,77404.73,195236.91,true
fbfa49dc-2f8f-4dc2-ad94-9d3c1050b68c,Butchart,86.59,95078.63,70793.23,true
f9aa3ce3-f92d-4a62-8051-d26fe293f0a0,Candie,21.88,31542.02,242039.18,true
cb4a0597-66a6-4de8-8291-1a5b13ef553e,Gemnett,37.28,80150.92,155685.07,false
dbe4203b-5f8c-4c3a-81db-5f1fb53d5fa0,Gradwell,95.72,51465.58,128700.47,false
90db39ce-93d8-4604-b6db-879fdc3a8ebf,Hatt,33.04,73996.15,173174.51,true
da94b4b7-1cea-4801-bf1b-5b94adcb4163,Deniso,63.90,76306.81,378171.53,true
cd3be5cb-e4d0-44a7-a373-63ef26be7e5d,Kearton,78.07,62631.86,238362.97,false
be2db530-9941-44f4-8101-131bcecdcce2,Barczewski,91.78,92577.68,444372.40,false
db716370-37d7-4931-a624-527b5984654e,Donisi,56.31,31895.35,307149.11,false
b4cef476-bfb9-428d-b911-8b2e1e18d1bd,McNair,19.45,44927.77,392965.51,false
1c92bb28-5dfa-473e-91fb-f11468a60f83,Bestwick,84.64,76226.72,118472.84,false
2841be9e-cc41-42b7-844f-17fa43d51f25,Anthonies,35.57,39135.32,252383.75,true
86ef5d96-bec5-4d00-a7e9-fd3535694812,Karleman,42.73,31627.47,108389.62,true
086b00ab-28ce-4950-8681-4a2542ac02c6,Lumsden,21.55,41955.19,253391.11,true
c0f03276-9525-4d3e-848a-e7b9e1d46ab4,Basson,20.61,99791.52,185480.50,false
6211c0c1-fc01-463e-8313-3dce590ab4dd,Churchin,50.44,90824.06,388505.62,false
2cdfce0d-32b9-4514-bdca-af3e1616c3c4,Casbon,25.53,37974.18,422791.35,false
81b1ff5a-4542-4018-b1dc-dd44e21c8b21,Blackesland,39.77,98652.75,241299.20,true
07255510-44cb-49c8-b079-7e9fc87bd3ef,D'Ruel,65.04,44904.67,417807.61,false
b06dd974-310e-4fe3-bca4-93b1bb839b65,Wheowall,94.58,56315.89,166827.10,true
479c37f6-df19-4d0c-b25c-714ad36184d3,Horry,98.38,70294.88,438018.13,false
9f178db3-433a-465c-89d0-f34ff6f4241c,Troyes,81.54,90315.80,347714.29,true
e2e97503-7242-4df5-b036-f9178496a0bb,O'Curneen,99.85,59196.19,115846.57,true
9569fd04-e3c9-4c13-bc9b-c6ad87373b2b,Jolly,36.93,51004.30,385061.99,false
9ef2ec2d-21d8-4dc7-8444-ed99be3082ad,Dimbylow,33.24,64004.74,429440.33,false
9dca9437-57fb-4a7e-be60-5c99de9235a6,Lamartine,48.93,70789.79,223731.88,false
9b6ab4ff-eee9-4bf1-9aeb-1f26e94b5e82,Chanter,82.25,36259.57,182877.78,false
4b7b3a68-a208-4881-bf75-86acdb1d01ad,Hussy,28.66,43149.63,213082.02,true
9fdf7cff-fc1d-41cc-8cef-c644e194ab67,Anderbrugge,80.49,71968.35,424766.32,false
90c82150-b5e4-4958-81f0-27bfdd80490f,Phillott,71.74,78276.17,345222.69,false
06da59fb-d7ed-402f-ab10-5416b392cd62,Gregolin,79.31,45744.94,432107.53,true
f4109d3d-b599-4961-a555-307e411cedd4,Tuplin,30.35,51000.02,223945.67,false
344a1b6a-fb23-4543-a3c1-c13c6b2def0f,Piggens,79.54,88858.57,212745.84,false
63672ea9-4453-43d5-a187-68711c1b1497,Oppery,26.61,50202.67,383354.16,false
a3a385e2-3bbe-4802-9e6f-c0c136376ec3,Arthars,79.71,45244.04,347469.10,true
7c7d5cb1-9d35-454b-b06c-1a132e010797,Kenefick,39.39,74916.35,241252.76,false
547f9b70-b188-457a-be80-b18360f307a0,Petrolli,41.21,55870.88,233102.13,true
ff191488-5968-4c99-92da-df9845ff9413,Boote,61.82,65143.79,394676.60,true
2d436622-c63b-4709-bddb-c693da52e283,Bartels-Ellis,66.68,91578.04,396440.38,true
5fc24119-f5c4-45b7-8cf6-c1503e238086,Lound,82.55,37494.38,165348.42,false
a3a2bfd2-0e7d-44ad-b191-08a96b4f0a48,Wolver,68.73,63901.32,209456.47,false
5b331c06-e132-4f3d-bd68-453d9dbddddd,Lomasny,57.90,89913.33,255777.06,true
0d5e5e3d-ace8-4818-a542-29a98dcea13c,Debold,58.86,62345.93,241367.97,true
ecadf340-609e-4db2-8bea-e947e26953cc,Pietruszewicz,64.76,34945.14,304975.23,false
3f7f9f24-e11c-45f3-ba3e-041e1306cd2d,Hovie,20.02,67843.43,139879.34,true
c4f66d18-27ac-4243-9db7-63c5ee4da856,Dudson,83.21,35852.80,159627.21,true
edb36401-f08d-4a96-b822-2ffa7b3a82e2,Wynne,89.52,56185.29,340156.35,true
1f7b7320-e355-47db-90a3-6f138df37be2,Bilbey,46.33,97584.35,187267.94,false
0caee3ec-47ca-47db-844a-8c1525ca4e33,Peppard,24.42,91718.26,335991.74,true
e7e4f25b-2f30-4811-b8f5-6b6177c4edb4,Twizell,64.13,82891.41,230076.96,false
fc4c9379-d535-4826-8b75-0cef709e3962,Lillo,92.72,77457.99,237273.88,true
adc0c626-c8aa-43c8-a77d-5da6a44a0faf,Drain,29.18,78735.04,173776.08,true
e759871e-eaf9-4998-9555-3bb418511698,Showler,98.89,58102.90,393812.76,true
671b969d-168b-4cb1-b1cf-e50809c287d9,Paterno,53.58,98169.94,417046.30,false
a813a61a-5929-4e42-8394-392e6cafa895,Ezzy,85.93,65655.15,421614.54,false
61e1a48c-ec24-4760-b39a-25a98d5ba7d5,MacCathay,88.04,32628.25,233914.60,false
69b23198-3753-4af9-a74c-e422b6c58083,Lymer,43.63,31740.58,395939.67,false
76c46ff2-c68f-47f5-b2a8-ef4a95920def,Bland,79.36,93982.06,83805.69,true
1b2eabe4-3fd6-4729-a7ed-809b6c039afc,Waterdrinker,21.31,43170.76,169434.96,true
7f737dd2-0d76-46e0-981e-91b4b8182809,Brimelow,63.31,63462.37,148097.65,true
d3e15d1b-55ee-43d8-83f0-d9f37951f7a2,Bousquet,34.45,42988.74,398932.82,false
c90cdd54-54f7-4a95-8ad9-7d165e17516e,Skipworth,48.87,37656.14,150938.55,true
ee31fd7d-ba6a-4996-a68c-af96826b4c2d,Bettison,26.56,39216.91,131647.78,false
ca91da62-7c0d-4b3b-a69c-eed37067fd1c,Greetham,28.42,51851.07,337297.87,false
07536f81-cd03-4e99-afeb-15df8c1db424,Saltsberger,97.22,56154.71,99382.24,true
7bf59876-3900-4811-919a-58a62fbe59a3,Sibyllina,95.29,83610.94,372823.65,false
c72e250f-bad6-4ffa-8269-2198f0b9ae5a,Cabral,79.82,77769.01,408552.21,false
cdb2acbd-1ae8-4520-a448-1c0cb2d655b4,Marten,18.85,67446.52,161314.41,false
e5d0ca18-312c-4c20-97ba-acea7ed17cb3,Kildea,25.48,78003.99,181138.64,false
a6571bc1-61e4-4a10-9fd7-2fd5bce0e83a,MacKaile,53.37,46220.44,292259.57,false
c8d49667-7ec4-40f3-8b63-02470638b64d,Goodlatt,30.24,61701.24,61245.66,true
72daf2aa-5f35-460e-a769-d6b7331b98d2,O'Keaveny,61.22,46671.90,393279.83,false
47acc142-2f03-4206-bbb7-a00926418bd9,Claesens,78.44,75231.07,438225.22,true
197eafd6-d381-4006-9451-92477b7d70dd,Lagadu,90.26,30402.16,253492.97,false
d5decefd-a8fc-4da3-b9dc-b993c318f740,Josilevich,40.67,53677.71,164997.91,false
2d6a8450-9258-4ec2-9c34-25cadcd00b2e,Handke,97.54,90320.31,161926.55,false
0bd83e71-6700-4ea2-b660-3717f6d504ca,Eisikovitsh,44.91,80219.02,129187.16,false
1d87db4b-1d74-42f8-ad6e-3eea5c2afa70,Pentecost,35.58,40488.87,209727.22,false
48aadd4e-73a4-4d70-8923-d01936c3fb94,Oldfield,59.98,75570.45,360953.65,false
4bce65c9-9d02-4ee9-b90d-5b93142195c7,Sigart,36.50,94426.67,202355.65,true
400d7106-06f2-4e7d-9fc6-bd0f7bd03532,Blaylock,25.25,78157.15,190665.24,false
67e9c5ca-6d44-48a5-8abe-f991c5758cff,Episcopio,87.96,71832.57,320985.95,true
9a852162-b35d-4f7c-988f-fa65ccf30457,Clacson,75.57,60032.37,325015.44,false
a61292d7-0857-4aba-9312-1b16654f811e,Bussetti,88.68,80752.85,78564.64,true
cfc387d0-3cd5-4113-9f48-0413eda1a481,Swaffield,55.58,53365.53,149981.50,false
73a6fbe9-8079-4adb-b11b-84a219766554,Crysell,59.63,34476.82,88801.38,false
554bf45d-8bc3-470d-803e-e15f1bb100ad,Vellender,48.96,86728.97,85417.85,true
176af21e-1434-4d77-9c00-9ceb879f93a1,Mazzey,33.45,66820.03,150201.65,true
215d16a4-4212-47f3-b7dc-9adc97b0543d,Roggerone,77.77,55682.27,345019.43,false
b97d74b5-8ee6-46c0-abc0-e118ec1c1829,Moxley,52.60,76378.61,337546.76,false
e51c4dc9-a104-48a2-8891-11149e6d824b,Lockhurst,89.84,42397.74,362351.06,false
d9dd66f5-1154-43b4-9793-79ec680f93f0,Quibell,98.34,57901.34,193878.42,false
7624caee-9610-4ba9-b20b-e19e377160ed,Beeston,31.43,74332.12,67952.30,true
7124b9dc-ba5d-46bf-9e11-d35f2cd351a2,Couthard,91.98,36412.17,422942.78,false
f097a3c1-3dee-40ed-8fb5-dbcbd4f04b92,Vaudin,57.37,36220.68,333911.92,true
958bb5f1-8a33-4dd1-9bf8-a73d05b34f95,Fawdrie,82.33,97886.93,99708.42,true
3f04da7b-090a-466a-b86a-d5e1bbfcc050,Wegner,53.28,35003.74,268634.41,true
f1116246-214e-41ba-9bc0-f19f23d5aceb,Guterson,98.28,50541.08,307096.06,true
e8b7f80b-813c-4049-bf92-94a57c75dc23,Knibley,76.68,93764.53,149383.84,false
77a926f8-fdf0-403a-9607-9dcd7a73ece2,Fraczkiewicz,94.16,47844.98,320271.50,true
d086ede9-71a5-4417-af3d-a62f2df31ba1,Tolussi,43.32,61858.76,194654.35,true
981e1fcd-832f-4df9-b909-da8ac8c6ab71,Oger,65.41,38242.14,77384.04,false
abdc2071-4f1a-4869-b4e6-9e844d260905,Dullingham,18.85,92766.14,298203.75,false
63cc0531-164d-4849-aa17-7fbfbb018595,Okell,21.15,50056.93,232708.04,true
772f4488-c226-429f-af0f-d359fe0c478a,Baynes,63.04,52473.57,270166.75,false
083d1ff5-0672-4353-8b5b-00576997886d,Downe,53.64,84312.01,297513.54,false
1ec54947-5043-4891-89e7-0f1aa53e64f4,Bernolet,73.14,52567.47,430994.37,false
904e1cea-9ac5-4083-af0f-cd843f53afdc,Bende,53.35,40677.46,156169.49,true
81e97ca8-4a56-40d4-aa1f-8bd5e29697f0,Cufflin,45.63,55431.48,331729.35,false
a845a006-a4e5-43dc-8c1a-17edcc6fece7,Hallad,76.92,44611.60,86084.89,true
0fe62084-f07b-460c-a06f-c4f2d8c7698e,Howgill,38.95,71542.74,272950.75,false
9abbd3d1-820d-4066-8295-232fa16d18d0,Scini,52.54,88131.00,180086.19,false
c21f7d28-96b2-486a-bcf3-37853d8e7211,Ing,43.95,49128.76,440107.81,true
34f33384-8539-485f-bac9-b7265ebc0f9a,Cotmore,32.61,30507.92,303530.43,false
d2f5229b-638a-45b3-b9a7-cc9061905cf2,Sapir,31.87,78389.50,350297.73,false
89a46982-ed6f-4c13-a54d-9eed1ba2c5b1,Penright,90.98,35072.70,341726.88,true
4701e6b7-7048-4d83-8c0b-5d32b5ab155e,Wickendon,61.51,38694.83,196795.62,true
237235f1-e2be-4674-9307-20b0383ac207,Tearney,77.10,76904.62,329088.06,true
00cfd373-f157-4a4f-a226-370dc21f977b,McIlriach,70.18,43434.98,280718.95,false
31b2888f-6014-4abd-adc0-1374688c6c82,Giraldez,45.57,45453.66,102448.59,false
7aa69929-056f-462b-9c8a-3b70c88ea233,Jean,43.03,67367.37,63475.76,true
5bc484cd-0d64-4970-a3a1-8b69c636e481,Sherwin,93.28,49725.05,154676.47,true
6d30a2b9-7ed0-4de6-812e-3fe35a969f27,Vignal,43.80,71069.92,148997.49,false
46d94604-5688-4456-b4a4-05b55aec43ff,Scoon,93.07,61418.14,113804.90,true
93353dbd-7f67-4edd-b8fe-f49c21d4539e,Kearley,60.05,77640.53,139054.29,false
80c00516-f2b4-4a4b-b261-f796c7be26e2,Tudgay,63.48,40693.23,100737.64,true
210d579f-a804-4427-ad3e-f6e88ab06546,Melsom,56.30,97061.77,75085.42,false
0308491f-d317-4e50-bf3a-fa742f193869,McEntegart,94.48,74101.81,179787.67,false
1e67e192-f5be-433e-a1e4-cda5073f75fc,Van der Beek,82.01,53864.95,152229.49,true
9de359a5-fd0a-45f2-9b30-a7a36783da7f,Kewley,61.93,95435.92,286829.79,true
7109cd4b-7841-493b-b1d0-cf1af10d5fb5,Huey,49.93,32622.86,64867.41,false
87dcda5a-5e70-4391-a143-d479b632ee6b,Elcoux,67.53,86770.24,172586.50,true
414a9e63-9b54-461b-87fe-db1fcc457f10,Howgate,99.96,32080.72,416273.65,false
51cdfb1d-5e2b-4e2b-a993-48fdf763c899,Atherley,66.45,33750.95,303895.97,false
a968032c-8216-49ee-819f-1facfcfb1299,Crafter,85.10,57316.27,207665.67,false
362aceea-195a-4780-91bd-fbc9a0bac894,Pepperell,79.02,40736.37,122164.32,true
4577d8aa-feb1-4fd9-beda-adc53dade322,Leifer,60.01,97507.18,183725.56,true
f8867b17-5d49-43bc-b6f8-63723a723aa6,McIlwrick,26.79,44280.07,331919.75,true
d3503532-88fb-49d8-9d39-9e3cbcf3a3d7,Hamlyn,49.56,59064.28,129283.07,true
c8eb4ebf-01c0-43e2-898a-285ef9e835c1,Calven,39.54,41813.37,385194.08,true
8c1c0123-dfb2-4ae2-be44-1331d96df436,Oddie,32.80,64576.82,242041.13,true
96b8bef2-229a-47b6-a6c4-6f0ac4b80209,Pabst,21.98,39470.05,338451.99,true
89b2dd71-6d5b-4bfd-be6b-e3a02a813533,Lafflin,95.67,52887.36,194913.48,true
e9563558-e3d0-4a0c-a1ad-83595631f4bb,Reading,73.38,40852.38,81964.89,false
befc3794-6d8a-4752-a2ec-132e0e4c18e7,Frango,61.34,76566.41,64581.32,true
110dcb0d-0be4-4e1a-801d-fe5184e210f8,Bladder,43.08,86227.53,365271.53,true
24301658-1945-4592-bb18-0d0d80769dcc,Slaney,51.16,36093.60,317539.15,true
c60b1685-b890-48f8-a5e8-a1a1c1ffd634,Smorthit,61.42,41356.82,183311.10,true
d59aedc7-31b1-467e-b7c2-7850c28e0cdf,Winwood,30.04,70551.59,371843.44,true
b163b892-28c7-4823-a2eb-840483296133,Doel,89.24,49296.90,449851.30,false
86d33118-830d-4b27-8022-80f60421b19a,O'Towey,72.40,38722.81,344095.49,true
9c1a40d8-573a-4f4d-af5d-0fc3171fceda,Nickoll,40.63,65522.06,269772.83,false
92b831c9-8b5d-43b0-abb9-d3d37dec77d5,Job,80.56,69679.90,221762.58,false
61019bd8-63aa-4c28-9868-24ea943031a6,Lidington,39.06,94480.99,300559.05,true
2c6feee0-2d76-445f-8368-85f6047a8f07,Markie,82.16,75963.54,438961.95,false
37bf0d12-5875-4e07-a05e-8482b5d9143f,Carnaman,19.33,63598.15,237637.45,true
42d42e25-2773-46dc-a552-6e74a67df292,Harrinson,58.88,80541.62,303484.00,false
de907701-74fe-4ceb-b590-ca12b61ebbac,Pallin,86.24,30890.45,171387.12,false
eeecb23d-d122-4bad-a2fc-d24718790985,Stede,75.73,36067.72,163448.73,false
f1dfbc3e-1487-40d8-91b7-db327b809ee5,Bradford,27.69,32357.01,189755.80,false
397f3c81-94fc-4163-b725-6ac177ccee1e,Milsted,54.97,31303.52,292651.75,false
a2b48e69-483d-47ce-868c-f3e046a7a625,Verralls,45.55,86086.81,286600.84,true
9a9b1d9e-1eeb-4048-a049-d70972a6b84e,Szymonwicz,67.71,31059.40,202525.48,false
02973056-3181-4bc7-a211-7480d2a7b47c,Rousel,71.61,38226.27,407874.26,false
d7a5738b-1846-4496-8fd6-22e51306499b,Ledingham,34.76,40939.44,334753.17,true
5625d791-c9cc-4973-874f-1281d5fc1e6f,Lorain,73.73,69787.52,235892.20,false
c156e03c-5b3e-472b-b39f-e92061626c9c,Snyder,97.82,49896.94,161270.17,false
3b9533be-28fe-46e4-ad81-a0c964b7c09a,Ilyushkin,48.74,46654.16,153505.58,true
de5b4ab0-388a-46b3-88f5-ff6109538ada,Pestor,18.15,52169.33,102436.35,false
870a10ad-f5ca-4a96-a451-734f82830c56,Melding,86.24,91307.03,329719.47,false
17f67df2-54e6-4f4f-ae90-e8489aef1a3b,Rich,75.19,43962.22,79499.02,true
7417f33f-a9e3-4211-9b58-4dd914acfa73,Swin,47.07,43434.60,378906.68,false
10053db6-9bc7-420a-aed1-a11ede6c03d0,Falkinder,72.09,51428.02,383320.95,true
1d9de430-34d2-476c-aefd-fc849bb792f3,Lively,57.80,54065.33,440205.28,true
9e77e66b-88e1-4e4f-88fb-675957015c68,Fernanando,73.33,41101.42,119813.42,true
7d1cf11b-8f0f-451e-be91-91f78d0fc186,Danzig,56.69,32165.31,343087.13,true
8039d809-ad9e-401a-aed5-84d6c5033c86,Guiness,83.73,60817.77,329024.06,true
4b7acb0b-6e47-4f3c-8c63-1245c6f7d624,Cowlin,62.31,61241.10,89194.99,false
12780b1f-de70-4f47-a86b-1b443a61e441,Licas,40.38,86012.89,217618.44,false
4eb14d8f-5c46-454d-b4f0-08c802003324,McMurdo,20.21,63369.94,210647.23,false
acc74a83-2baa-4e0d-bb98-369fc5bdec8b,Tudor,19.00,46431.32,252934.19,true
0e95c824-6df5-498f-bbfb-5aa17497d0a1,Nafzger,45.35,49122.14,61370.33,false
6ba9cbde-c34c-4acf-ae5d-3f6bd633849f,Simkiss,60.08,80559.74,315348.50,true
b110ad95-730c-415d-a5b0-77ad6e25625f,Rappport,96.72,85745.37,427501.67,true
3a803834-6bf8-45b6-87e2-bc50f8f6ddf5,Winchurch,56.79,77699.20,196869.00,true
1c77286d-ab7b-4034-8810-ec8d4b21d9a7,Lorans,57.60,38199.98,76981.32,false
3c9d00aa-f3c7-407a-a58a-d95560d0ecdb,Viegas,53.48,36872.34,151673.62,false
00042045-ee4f-4fe1-bdf8-075f0554b4bb,Gillani,84.09,80958.11,319948.83,false
f3ceed3c-fc59-463f-87fb-3ff176a1b10d,Gardener,41.20,39699.72,115065.83,true
264fb17c-fe5c-44b8-b1b8-2fd1e0aee527,Emmot,60.97,30284.47,373796.88,false
224d53bf-4400-43b3-b065-a4b1296a686d,Demougeot,84.37,54703.51,78763.65,true
f64e57aa-80e5-4add-aed5-0aa6bd99ef8a,Paradyce,30.56,77818.37,147190.34,false
a45959e5-a5c9-476d-bfcf-c3ffdc2cce04,Slaight,70.90,92285.54,424924.12,true
8131c09f-2537-494e-852c-93890e47e257,Frid,54.67,86946.74,345814.50,true
2491f098-74e1-4769-8809-4f980d300273,Frobisher,80.30,30838.38,307952.83,false
8001e6ce-bcd3-4fb5-91fb-42892d496d50,Sawday,23.51,67384.76,406985.40,false
6c4eb412-8bba-45fe-955c-75eaf0441b5c,Cock,80.80,98659.83,82119.02,true
147a72d6-5669-4894-8bfb-19c4ceba9748,Valti,91.39,67653.52,258032.39,true
55b1cfaa-7be8-44e3-addc-662460fbe87c,Lenden,69.34,65326.76,153085.01,false
3b12a614-9837-46d8-b350-64e258cbdf16,Rummery,33.23,30792.12,210548.52,false
d829df99-41dd-4227-b386-db48e19a0e1c,Billingham,90.12,61473.16,394962.25,true
2881d31a-43a9-4f2a-8a3a-0aa31b6da0fe,Espy,64.70,52226.46,416442.97,false
5caf9b8d-984f-4848-a84f-c51136f57da8,Pressey,37.30,64906.06,159293.06,false
7627b54e-f7c5-4e71-a443-14ec32956b54,Greated,45.15,69996.38,105872.17,true
2570e1e4-e275-4a05-93b0-e526fea56da3,Mabee,61.64,52745.97,280831.05,false
76593096-04cc-4657-bd1e-c052b6021a85,Linford,51.39,57902.99,192909.29,false
57afd1fb-cd81-4b9e-a442-b30df7a19631,Hixson,76.88,64121.28,382882.72,true
464dbaf8-1c77-4cfa-a58e-627435a62f76,Standfield,92.73,72946.60,424414.83,true
8a615763-b69f-4e4a-91ba-74e851e66c2e,Fredy,99.19,61149.20,321843.73,false
d445b5dc-0740-42f9-9dc0-d343118e03dc,Addicote,97.94,89305.74,320966.80,false
dcbbbdc3-1dc9-4721-87c3-3e2c2fca9b25,Kaemena,56.34,86447.89,435701.10,false
1f9ad4e0-50f6-44e7-ba09-510455babfd8,Eveling,88.53,50096.51,176222.72,false
3d2b25b7-174d-4a86-b9bb-b056d02b27d5,Mount,20.27,86671.90,289830.13,false
cc4833d1-1f46-4baa-96ca-28f069563a51,Wilbud,64.42,96980.37,369598.29,false
e0b00500-c817-4122-b5c1-eda84343fd50,Chellam,76.72,73101.02,329778.45,false
079d7943-986a-49aa-963e-50ab8566a901,Bestman,63.53,55699.23,161838.96,true
15aaf18a-0637-466f-b3f7-bbb212559aa8,Bleeze,66.14,54272.63,68979.24,true
af048338-cb03-42f2-b43b-e840411b9290,Twallin,76.94,88836.24,388283.11,false
1d5b21c0-76e6-4aeb-b98b-88d104cb5f84,D'Agostino,75.35,50721.64,221258.38,true
e7314b95-05ee-45c0-a042-c5206de9b88e,Pashba,97.03,38041.48,354205.60,true
2dde2e0f-d511-4ecb-95dd-932ad4c7e3cd,Ondra,90.69,74053.74,67722.63,true
b6f792f4-f023-4b18-8465-048aa395a6b1,Janssen,21.56,34851.13,165247.71,true
469fb9a9-6406-4062-8c81-aba1e9e8cc8f,McLorinan,89.72,62761.99,189117.23,true
51de1085-ce31-46bb-9206-0cc0dbe496ee,Wellington,50.96,59084.02,447824.03,false
b97d25f1-6d86-4640-a624-c99ea2fa31c7,Peeke,55.91,38727.27,148491.51,false
86147707-34aa-4fad-adcb-f1d9e54b2045,Elwin,80.60,37352.12,173484.82,true
8f2ffde1-7aec-48da-9168-40f59dd65be7,William,99.22,58873.40,123720.47,false
fb406436-1fbe-4874-8db1-088a9809a6ad,Windram,41.00,50853.85,119424.80,false
7143ae19-2e79-45ec-af8d-411f53fa2853,Andrivel,87.66,78685.66,89067.00,false
d27847ce-2571-4d7e-b795-5e19c647a829,Stockey,99.95,70662.32,66103.10,false
6e25dd7b-858a-4530-83de-176dc3160b76,Profit,88.86,34634.08,351383.21,false
03f10c86-0a70-489d-886b-c22ffe32cca4,Lutsch,80.16,64232.98,395743.91,true
75ba6001-8bdc-4cc2-a047-55df00d9c80d,Chesson,82.85,99007.21,91772.60,true
eaa7f600-0622-45f0-ad6f-34fd93376228,Stother,49.66,67121.54,320919.79,false
ebff9c56-8b38-4c58-9e68-f859ff933b43,Roblett,25.60,56298.81,208163.08,true
a459fa74-48db-4b6f-8a0b-23c436e8f71e,Pottle,82.78,98350.87,448543.71,false
9ff7a15d-dda2-4753-99e0-d7829d46d4f2,Blazynski,29.49,75830.83,381341.84,true
9d02f8bc-6a92-4571-a974-261bd4cd9763,Iacapucci,62.99,67840.27,193979.44,true
c147f157-c5bc-4474-b2bc-2b393f063642,Paske,68.34,32215.88,375007.56,true
331334d3-3eb6-458e-a4ec-a06208c1136f,Knudsen,73.46,38391.44,329738.11,false
53160c30-da46-4ca4-abde-bf494d28a975,Spelwood,44.83,49361.34,239629.96,false
3024af16-12f5-4349-a0f5-bd2af9a3d303,Halpeine,33.05,95566.01,439504.24,true
7a7d9b96-f74b-456f-a720-279a8c0c44d7,Olsson,47.11,42518.46,155550.72,false
e8ef3a08-8d14-4b12-aabe-c4b9e743abfb,Brumbie,42.06,95061.48,210290.52,false
1ff56884-a8ad-4e16-8fc6-8b8f51596f04,Brasse,33.91,76780.77,353235.38,true
e4c38f75-c70c-420a-9a0b-4660c4d512d3,Le Marchand,90.23,47245.25,448417.97,true
81f444b9-149f-4c55-a64c-b2bcf3e84d22,Benoi,62.65,40693.32,320153.36,false
5b5d4629-4091-4566-a676-b7c06a5edf71,Chitham,68.72,37923.02,339660.13,true
6595dda5-0ffb-4e71-98da-4e333ba760d4,Halworth,59.46,83518.58,336265.96,true
0344b278-227a-4544-92e3-6851feaff6a6,Lantuffe,71.76,60075.32,155317.82,false
a81492f3-c154-413c-ac64-6c6f69bc154c,Angrock,77.59,77226.34,306634.54,false
756f1a1f-d5d3-46b1-9748-b884e74bbbca,Blything,97.17,62056.78,355700.11,false
8c92f4c5-1ff9-4e05-8752-67de9fe6a067,Winchcum,19.78,64767.34,356012.34,true
7a4b7589-43f1-4d4d-aaf2-0c36cf86593e,Bartens,87.66,68316.10,193047.61,true
60380c9d-5d21-443d-9266-9e5c4a6ec8ce,Van Hesteren,22.93,62687.54,357114.46,false
fac3091d-c2f6-4088-9db1-66089f6ef500,Dorow,24.69,64299.81,98547.14,false
0048823a-1260-4b83-ba85-0f078cb7ef69,Slemmonds,25.40,91120.72,235947.54,true
1fa96769-27c5-45cf-bd2f-b8e8a19d0c49,Assad,83.30,83635.47,293930.70,false
c7c3f2ee-a5aa-441f-87b7-fb133c9b14e2,Agirre,40.21,55596.74,293080.08,true
f9841cdf-cc92-4506-845e-7d2ece642d5d,Lasslett,52.57,53573.72,179697.61,true
e3549b65-0946-463b-aee2-bc5299076611,Bidwell,89.64,43954.05,139857.69,true
0d7573b7-f222-4423-ba08-bb35627dae97,Olner,65.35,85511.13,385206.74,false
c21461f4-80ed-490a-8035-fff3a04a10a3,Dewen,66.75,59447.61,363846.73,false
abcf64d2-5e90-45ad-b407-c7f9051d55ad,Placidi,43.82,95119.35,175427.37,false
dbb667b4-ceaf-4adb-a2b1-8940f9be862d,Dauney,26.65,50493.47,417525.04,true
f3c38bd9-7131-4dab-b31a-b8e08b00d4f0,Mayoral,97.30,62887.55,89267.31,true
619189cb-cd21-450b-a6ea-8ecadcd13b9c,Barukh,86.24,31617.05,326601.96,false
c5676441-1069-4932-9785-67bbe480f60f,Lepper,94.17,86137.48,86328.03,false
15ae93c3-c39b-4523-bec8-9110be01c50b,Durman,70.43,91519.16,298992.70,true
9f8bbcec-0ec2-42d0-a7cb-cf0485aa245a,Starcks,51.84,47135.16,300780.15,false
f4809005-413e-4a66-a38c-d748e53347be,Adamson,80.00,86312.79,406613.31,true
5f1e5bd0-f607-41cb-a0c4-852a456043ed,Linder,75.72,64382.95,375220.32,false
b7369ee9-681c-4417-9505-1488251163ff,MacLleese,74.11,53673.59,80357.83,true
d3d9fc0a-988e-4a82-861f-32d9fd49a89a,Allenby,43.82,62606.44,338524.70,false
56d207ed-447b-4aab-a542-00df855d447b,Renney,36.13,42458.92,444939.80,false
5f4c9388-b925-4f62-b859-5ca1544b1d77,Phibb,72.18,65675.43,195163.56,true
97437b1f-bb90-4f20-81ba-49ec4a4e7b52,Canizares,37.85,70162.82,379463.73,false
80bd8329-83bd-4401-bc0b-ee32ad79f644,Comellini,63.13,30445.17,296401.90,true
c75e6a38-2606-49b7-bd4e-c805edc27d5d,Crolly,79.79,58449.97,432090.26,false
097fd2d6-2468-4172-af1c-d516cffb2c49,Jailler,76.82,40481.40,290397.28,true
0cfa28c2-487a-445e-a9d9-983fce4bcbe0,Daspar,91.35,31247.09,200489.32,false
b2cb58e3-0877-41a4-aff2-0df285dacfdd,Attoc,77.22,91163.99,163570.88,false
b8734bf5-06b3-4e03-b474-a49e1b8f2211,Grogan,92.15,53472.04,361085.84,true
3d06d1da-2f28-45e3-9aef-1536cf6deb19,Cottam,85.93,72890.86,85420.44,false
3bb3b4eb-56c5-4978-b089-4ada051edec7,Hylton,37.27,87012.61,199008.75,false
d3c9b0e8-11a2-4c35-a29c-a8f293ecadf2,Befroy,92.00,42377.79,257768.76,false
6e9a61b7-07ff-4816-9e26-da03f7e72331,Marshman,38.14,57797.14,302716.12,true
eb00d538-e160-4b14-82ab-6302c0fd7067,Broadnicke,25.54,54008.34,411181.56,true
4e826b66-a5c2-4e01-81e3-c1d10b01f55c,Chaise,91.26,45048.73,285766.70,false
c34758c3-427d-4b1b-9549-6eb2f0f5c2bf,Dimic,73.82,67776.12,199156.66,false
37eb76a6-3367-46e3-99a4-be46c4efead5,Dall,25.23,88664.68,275818.59,false
74841834-754a-4199-a220-ec7c27cc5921,Gabby,30.07,77551.64,179101.59,true
7f3e9348-1aa2-4668-a301-9c06ea2fc52f,Belvard,92.26,79252.28,237504.55,false
fd1c8c39-3fc4-42a9-80c1-5459c74c4316,Fidoe,23.30,75224.01,283274.02,true
ff0e82f4-7e7d-404b-b365-ed4b4ab5b2b7,Scarlon,93.79,76213.00,321841.48,false
b1d48d16-ca72-48fb-950a-36fc90a9b39b,Dryden,21.49,89392.15,75959.42,true
04d67411-e5b9-47ca-a6f1-977b103bdc55,Baumer,47.97,64856.17,116471.77,false
416fe676-5416-4105-a138-a4bbacf54551,Cardozo,98.11,57342.52,206251.64,false
073ed15e-99d7-4ef4-9923-54d160087fbe,Eckery,44.85,45392.39,365912.93,true
41304592-461e-492f-8f34-3e50b68acafd,Franey,78.41,51489.99,200973.16,false
729e8202-2ac2-4877-a430-301a7d333e17,Verissimo,29.14,51539.10,160949.02,true
446d11a6-bd6d-4c86-b01f-98a6c4f8e1bd,Cortnay,93.96,47349.00,231967.95,true
7bbdc60d-3d0c-42f0-a736-fa2557ebd2ed,Mann,64.05,97463.78,220467.60,true
ad22d108-8135-4d8e-8764-ab3182601cd1,MacClinton,75.74,42943.64,175403.74,false
ed7d6ce0-6bd6-453b-80d7-7850c72e0743,Renvoys,27.96,50206.28,327748.34,false
6df8cd9f-e03e-433f-ac83-8bddf62a9d98,Kinforth,54.16,81852.94,67962.40,false
c3fcf0b4-ca5e-482c-b5c1-44a01835832e,Karpenko,70.07,81139.71,408684.14,true
ba1222be-61c5-4816-9c65-2b09ba550176,Edyson,27.77,30744.84,341269.70,false
ab96c23d-4b8d-4dfd-a7aa-a4cd880db49e,St Quenin,74.51,50659.28,133316.41,false
d9993697-f920-405f-9f8c-94981f2f44cd,Gettone,46.19,78509.68,201810.64,true
aa3da407-8cad-4dec-b339-4919cf5aacde,Yeardsley,77.29,47788.28,294483.93,false
2645f3ab-b971-4e15-bcb3-533bb1ebcde5,Dunckley,70.88,71255.23,215613.86,true
684b9c02-e0a5-44e8-bcbd-f41ff282212b,Balmer,47.73,30460.86,421066.64,true
abd0c80f-9b14-4fc5-b641-c5242648931b,Pury,45.79,47356.28,449093.08,false
e2ee9f25-6843-44dd-9f83-27a4f0dfb671,Fantone,27.77,31443.47,250512.70,false
66d987dd-df98-4fb4-90f2-a347a20174d3,Teanby,29.20,91131.20,182198.89,true
78856091-2a0d-4d72-b1c4-fef44b250291,Flett,31.47,46108.42,399953.42,true
9dc08b26-5fe9-4639-9cd0-894f376fc38e,Mayor,75.42,58430.11,92762.92,false
f227bc44-2452-447a-8283-889d5411d6de,Ketteridge,45.10,95651.24,314462.74,false
67798311-37a7-4fb0-961e-03990b0fbadd,Corona,22.85,56852.89,250741.96,false
4c2193ec-d608-4d24-966f-bf259f61d313,Blackborow,45.21,79239.57,77085.61,false
db498da6-8252-4ea7-96a5-dcfe6c8e1039,Antonoyev,94.59,84152.48,383169.64,true
bb80c4a9-e4ba-4185-b10f-6d6c80f4ab6c,Scraney,96.80,71642.98,263778.12,true
bd0d2072-dd41-42fa-971b-38aee6355358,Krelle,21.37,68196.48,402434.39,true
d955f958-e96c-4555-b560-03f225feac40,Yashnov,62.29,63639.37,89618.13,false
d2742bc4-faa1-428e-8f29-b26256a46695,Alston,75.90,98184.19,162742.07,false
3e1666dd-1b90-49d7-9395-449a4d7dd237,Steanyng,30.47,33276.15,333854.22,true
50f88215-c4b8-4b53-8e05-6801da289644,Brumpton,91.81,94634.78,289080.58,false
b9cf57d6-c19a-4249-b76b-9f4c49b3f0d0,Flury,50.65,45152.84,409979.31,true
8d0d9658-2dfe-4bed-a18d-0303c707b6d2,Stoyles,32.95,68028.20,274763.51,true
b4c229a7-14ae-42ec-823d-9368ec54e49f,Janisson,97.43,81350.68,155595.13,true
dac80c18-553f-490b-b586-1bf5adfb5df7,Doerrling,98.71,50150.32,194878.39,false
e442ea93-43c0-4582-9d76-890b271f346f,Kleinstein,80.86,50741.00,284787.15,true
21b1cc2a-a4fe-4f93-b2aa-be4291e90f5c,Ivanyushin,60.12,48390.92,69963.03,false
62042ed5-f847-4e62-8cc9-689b3a012f9e,Udie,69.68,84944.23,358136.26,false
22c30e9e-2b4b-45d5-90de-73ff4970e842,Cheavin,29.76,47570.49,424672.17,true
0275ab75-cd1f-47eb-ad71-a64793c93a29,Showler,51.64,66440.47,232201.52,true
0cf0a90e-c0de-4713-a962-86731cbb5659,Blesdill,97.85,78468.16,379799.60,false
124907d0-154b-4a29-b8cd-c1e51b09d047,Reubbens,76.86,38687.06,156305.67,true
bb2e38d5-bd32-4ab5-87e7-330b19111e13,Kesley,31.49,71737.51,392223.49,true
e9425ae9-cd5f-4079-8842-514b01689f8b,Monro,54.00,89466.06,111240.83,false
06a11ea2-7018-44ec-b50b-60dd4569af04,Barkes,42.22,57997.29,424616.20,true
d9ad33d2-e01e-4122-a11c-da836a6afb46,Denekamp,68.19,75011.82,317177.98,true
ae54ace1-3596-422d-b65f-080a965f0361,Slyde,39.91,71966.02,428058.69,true
64488827-e81c-454c-b458-e994b5efb7c9,Coates,45.78,53227.56,274723.97,true
c9f63d83-751f-4927-b3ed-d547178b6a89,MacAlpyne,61.52,74710.41,300824.74,false
5e9fd9fc-3f32-4d63-a508-5853e123aa62,Assender,45.12,81263.93,276247.00,false
af694575-bb14-449a-b216-fb04520ee2ef,Daunay,25.93,31437.70,109661.53,false
3fe5b8ca-0b9e-4a2e-a413-d74f7d4e2207,Aleshintsev,79.31,46934.28,69568.99,false
ca17d2f1-6196-482b-b537-bb5f6852447f,Mullaney,53.15,39764.10,280755.18,true
e0b2840b-1289-4b16-9ccb-c930cd5783fd,Porson,92.05,75966.94,347866.43,false
3c0ff8dd-c59c-452e-a841-66f5581a226c,Anyon,62.90,64588.36,77302.05,true
2da2c90b-f4e4-4046-a6da-5c4b2950c7ab,Loving,55.36,80846.52,407883.18,false
36ec8b71-2db9-4305-ae86-8f25d47d7f9b,Jacqueme,52.62,97269.62,186013.48,true
bdb6836f-875e-442a-be4b-b0e8c15cfdc5,Esgate,85.06,92776.46,210517.55,false
e2a4d8b5-829e-46c6-a894-8718cc6fe516,Rowbottom,52.20,66473.21,117313.17,false
5f2caba1-56c3-4e23-b3a1-b5097934b6de,Carradice,80.59,64519.06,60918.59,true
6bc17431-ec11-4361-8f83-da44f1288ae5,Winsome,27.41,74275.80,287211.96,true
564f819d-f8fa-4b31-91c2-2742a43c11ba,Hache,69.58,76635.74,242909.26,false
08b52c72-a815-4722-ae9b-b43a74324a25,Broun,85.45,40782.18,283620.40,false
82a5bdb2-2c8d-4256-a351-3684211798ad,Gurling,92.59,49518.86,358786.81,false
1a708774-658a-4cdd-afd3-688baf65f04f,Antyshev,96.57,88555.44,343036.53,true
c35c6a91-292b-4f62-b1fd-fa6ec2ea6b5a,Bea,30.99,51267.43,402559.17,false
c6a65e27-0cee-47f4-b644-318b341439fa,Symcock,69.69,96319.62,148699.62,true
7358b1f6-545a-48ea-a1ab-9636fd6e4391,Careless,57.42,53362.62,263308.88,true
e6ec4c14-9cc0-4453-8094-fe7e24a6546a,Corter,76.48,47802.17,216848.84,false
347a1c0f-9d9f-4e70-ab59-7a49c60a91e2,Bassford,35.98,34453.42,76594.26,false
13b568c5-a12e-4374-a304-663611dd2c79,Thams,95.68,50518.55,172550.01,false
6e7b2d14-c201-4646-885c-a6322db16d56,Harry,92.92,86781.05,373459.57,true
82f79645-3944-4741-a8b3-33810a90b81d,Geddis,87.91,82843.93,136971.01,true
471cb415-33cd-4d53-90f4-0b0560f85804,Bourget,24.85,48993.20,333266.88,true
5b0ddf13-75ec-4232-b80f-c36352ab1476,Maior,85.41,82595.12,196104.39,false
24d791fb-4d2e-4324-8819-dcf080cb33b2,Sinncock,85.21,43909.16,106654.86,true
8c512e38-b61b-4f4e-86ac-6cd6e4d71651,Rupp,52.78,73214.36,348020.28,false
76770b5e-31d8-41ac-8fcf-9c536b6c751a,Lelande,99.38,74823.34,336748.19,true
99da42df-80c1-4dcc-b2b6-5115653ad936,Lickorish,53.35,69179.04,185685.29,true
707b7ddb-ef44-4a1a-9ed2-f20cd5c70eb0,Claw,52.50,85650.30,105284.91,true
01ef8168-032b-469a-9ba8-79eafddea016,Wharram,68.62,44375.47,370314.53,true
69867ec6-0376-4e04-a227-5f99f89dca08,Melmoth,31.49,99020.14,193902.04,false
08aed2f9-c23f-4678-a2de-9ba7a40e69c7,Bumpas,18.64,60046.13,181890.10,false
a622d890-0f59-40e0-abf7-ea9f86179926,Broadstock,28.30,71887.69,293343.75,true
7a114d58-946b-4aeb-9e77-e23cdfc57aad,Pegg,43.13,92800.81,411274.91,true
c9ba8e60-da6d-4e2f-bf57-6757298b04aa,Gethin,82.89,76310.29,221708.23,false
2227fda9-6859-4b39-9db8-f7102992fb1e,Walling,24.99,67805.17,233183.03,true
10300592-5a8c-44e7-85ad-f29856fafc7e,Renachowski,74.18,41725.41,396063.86,false
dd690b2b-f235-4b0a-86c5-b02916c74fdc,Louw,59.00,32874.06,299798.73,true
dfead2f9-c22d-41b6-9a4f-4a8bb0651d12,Pinnegar,27.48,67321.71,414527.58,true
901131df-217f-43ce-9e31-9e66266dacf7,Dullard,65.12,96359.21,193973.11,true
52755628-ade3-40a0-b708-b942c6eaa6fc,Lumm,23.17,80923.03,438850.72,true
5e17b90e-b7dc-46ef-9b83-9f413a5a6406,Gibbonson,55.73,37592.73,303409.33,false
877cad63-6115-4670-9f6e-57653ad6e7af,Capaldi,88.45,68232.43,417309.22,false
46293252-67e4-49a9-a6e5-ee9ea747fa5d,Priscott,18.52,53210.18,411290.86,true
96f7b893-e000-4ccd-903d-d86a96d8d3de,Semiras,88.56,83875.99,126551.43,false
47990791-04df-403c-8588-2659dd09c83a,Mallon,74.90,85587.39,74212.03,true
41a85548-f6e8-4527-9c60-2297bd23fdf0,Kuban,98.09,89387.75,408892.32,true
32362f88-dcf2-42f4-b1c6-6f812262d70d,Donaher,63.86,80247.94,268875.03,true
51d57813-9e2d-4220-b4af-7dc980206f81,Molyneux,69.24,45131.02,308173.10,false
484ef9f5-ec44-480b-9af8-3bc454489794,Zorzini,84.24,42670.71,226528.70,true
380873cd-3e2f-4d73-98e7-70e6cf8cbd8a,Huckell,68.76,73388.83,145400.23,true
76a2d362-b639-43e2-848e-017fc5e2da63,Rylatt,87.77,31830.87,188998.41,true
2e22cc5b-a0bb-406e-ab90-2676c0138c5a,Stalman,83.73,85565.96,141758.92,false
50909f25-f9f5-4288-ac16-6f56d7c8b804,Walcher,32.36,38034.85,412857.41,false
9dfd7bc3-55d6-4fb9-9085-266301917860,Petrus,33.73,67333.54,306099.17,false
62ce85ec-e291-41fe-96b7-ea09d58065b7,Impy,22.99,65718.29,129311.52,false
7816c2dd-a334-4968-a1b5-3b7af708f0bf,Pavyer,51.18,39875.25,204240.17,true
de7f8575-ce34-42ca-8a03-599967b7c36a,Odde,40.84,47658.51,375044.03,true
33b3444f-156c-4356-ba93-bc1c6612c461,Hitscher,56.45,99193.94,269055.69,true
5fb80b8c-84f1-4c1b-9a45-0984804bcace,Field,73.40,38214.02,214656.04,false
0c17d68e-69dc-4713-838e-c761d4b090d7,Lovekin,19.97,74947.04,439761.11,true
ce912ec7-fdd1-4bb0-9d75-4d88153df14e,Stollsteiner,95.99,66721.33,132794.26,true
af70f27a-bb26-4f4b-ab40-671c172db0c2,Samarth,88.00,73311.80,367201.12,false
9c036067-95db-475e-a34c-5bef4705c1b0,Lewendon,89.58,77066.90,278146.81,true
ad2900f6-2dc8-4fcf-ace0-88c949b17bd9,McGrey,81.21,84685.31,263369.81,false
c05b2bc2-d51a-499b-ab87-9b1851975b3b,Sherebrook,79.38,63302.77,311904.78,true
2ccfe2d3-eef5-461d-9895-8adbe115d9d1,Farnie,81.09,94952.50,359336.02,false
ecddff9e-7063-47db-adad-59829c987ba6,Revans,36.64,51917.21,95880.22,false
d159993a-e9ce-4c75-b7d6-bea7158e99dd,Fullun,70.26,60580.91,400814.05,false
75f2a8e3-3f72-4fb7-b41f-d50655dbab0c,Bastie,57.95,33159.27,378442.31,true
45d972a9-e6f3-45fa-bd91-ce80ddb0f205,Forsythe,60.75,68344.28,406330.24,true
a123d4d6-e149-4512-87ff-ecd01801da87,Jerrems,95.00,92352.72,146056.30,false
2a1e212e-1ab1-4cd3-b63b-ecdcfeed805c,Body,83.54,73448.79,229417.95,false
a4ace926-ae62-458e-b4b5-7158ddbc44c1,Else,53.18,50728.96,421397.64,true
f0c54f05-dd3d-48d8-bd63-ab6799ee1325,Tittershill,99.34,38963.27,125353.65,false
14c04dff-faa4-4016-9209-db84834916d6,Thaxton,91.48,81757.42,272713.25,false
7144d5fc-aded-4bd7-9319-458d093bf7ea,Iannazzi,61.32,69308.52,194354.19,false
a007d21e-e96e-40c9-b868-a4e3ff7cea46,Crookall,96.23,97603.78,377296.51,true
55372c68-667a-47f9-9b31-71e29f29cdbd,MacCosty,23.07,73437.19,137234.61,false
2f1fdc23-9c13-48de-b13c-76c7b119d8b7,Royall,96.62,89532.61,334050.20,true
af513c2f-8f5b-4f8f-81c0-195fdfc3b957,Rijkeseis,45.75,47895.84,239645.11,false
d99b0ebf-8f84-4848-9451-b8684bbfac90,O' Shea,96.69,60504.43,158904.49,true
e70e8492-f6cd-4e71-8744-ce1efb407f1d,Punt,49.54,86610.78,154818.90,false
04bc2a5e-cd69-49c0-adcf-80d54190648c,Danilyuk,65.39,70998.16,149646.73,true
7ce4ec58-d77c-4053-983a-b1c42eec7b4b,Myrkus,92.57,37675.35,398273.36,true
6655d0e7-4f47-4735-a66f-6625fce3181f,Guilloneau,18.65,90397.87,400561.78,true
a6c177ec-80d2-4ad0-9047-37e712b19997,Kemson,40.72,81518.69,259846.35,true
3bdd5958-176b-4069-8ce3-d5a3c75ba4c1,Bentham3,32.29,65718.83,270153.31,true
ae73f786-9ba9-449c-94ae-0cd8e5727a1c,Hallor,74.46,43167.84,292211.98,false
fc32274c-9cca-4728-b1b2-f9fcbeab9ced,Pinchback,69.84,30571.61,127967.00,false
6211aab1-a5c5-47a1-8440-ce60b0d44086,Slyne,92.17,85724.24,375224.31,false
a8255739-fb94-4d13-a6a4-ff69366df724,Allbon,40.82,36903.62,439429.02,true
f0137871-6fad-4ac3-b0a3-b342631b3b36,Grafom,77.34,31438.22,333120.53,true
e48ea3c9-899f-4b29-aac5-95585fdb02fe,Pharo,44.96,69408.40,74134.69,true
9477a337-b009-48a4-96a5-0f3dfb18098a,Durn,60.11,74089.89,189351.17,false
e9446cde-e45c-4f15-b678-041052c8f30e,Denisovich,48.82,40132.82,308114.80,true
a05e56d8-459f-4137-a72f-8d3fafeb5f81,Bolesma,29.11,55654.72,261804.81,true
0940b717-25fb-4ea4-a4de-fe75e0769224,De Carolis,50.11,98854.34,297013.40,true
235819a3-5dbe-499d-a3c3-4f786b902e63,Hawke,36.94,65956.99,103320.47,false
d09bc042-2e79-4e78-aef1-13abc1872eb8,Peerless,82.48,85463.52,420513.50,false
24165a12-af3e-4c00-ab5f-4ca913d383b5,Millwater,75.47,46730.66,118864.38,true
8a6b7a05-5928-4e76-a784-002f86637ff9,Oglesbee,55.37,85268.43,255084.01,true
16f95d50-91cf-419f-a134-f84ed7eb4372,Ingleby,56.15,68626.47,203144.28,false
7304eaec-e017-492e-83f4-eb4282646c17,Ciric,99.42,98913.65,174674.68,true
b033d623-86a4-4df5-a2ea-ba8edc5f2ba1,Skirvane,58.76,92489.15,115180.76,true
089f1b44-cf19-4fb0-9fb0-9aabf0ac62af,MacCallion,31.64,53571.89,198779.41,true
e6517950-9cc2-406b-88fa-8b83ea06b4d6,Scroxton,81.16,52673.88,201110.53,false
625bfef2-96e5-4152-a3a2-0f1daaee3b59,Frances,87.46,90480.18,239372.20,false
bccc1e8d-c536-41dc-8a5e-eea547b7c918,La Torre,84.55,48885.71,259307.89,false
72c075ff-700a-4630-adda-5f1f2e040297,Lammerding,18.62,73210.57,68488.76,true
a3d6f078-c479-4b02-a753-b0c2f230f8c0,Alyokhin,76.74,45510.68,102207.88,false
ed403625-2310-46ad-9dc2-1d05cf685973,Luno,41.73,97154.48,199186.17,true
021d90f9-e36a-4342-a663-cc4db27ab6fa,Steven,62.22,54407.42,243680.35,true
ca13ddc1-05a5-4fd8-a280-75da2c90aa5b,Cornelius,83.00,45029.61,416310.60,false
bc92935e-e5ad-4ef6-825b-8c050538c4e0,Darke,72.60,88945.29,267780.82,false
076e583f-810d-46b0-a478-b90fe0b10a71,Baines,27.18,97131.84,210499.50,false
df6f9a64-7444-4e8e-ba6d-2146bed1f9e6,While,89.85,39673.69,209799.54,true
7b94c8a6-9508-42c1-bef6-7d2379299a71,Bonellie,39.68,92735.78,324577.20,false
c7326be1-3dc0-4d92-9d53-cd943c2861f7,Furtado,78.27,91716.80,183348.39,true
0181d3cc-8e86-4679-9f0e-8587993534ac,Mayall,58.77,46103.16,111767.18,true
e8a2dbfd-ec34-4f1c-8cdc-e343c7c1ae91,Markham,72.12,84749.57,251573.43,false
edb06a15-c26e-4589-b773-99193a278375,Primo,62.12,63576.87,137940.32,false
a0c4a6db-ebff-4f2f-85d8-d00849665042,Cossins,96.66,62432.15,88170.93,false
ab05891a-0f3b-4243-8280-e23217b72d7c,Annandale,85.81,71798.26,218086.60,false
2883dce9-f474-401d-8136-a93a55ebc15a,Mainwaring,64.30,95252.83,78017.50,true
4161eac1-a83a-4b63-85d7-4a6111400256,Halton,96.01,37375.94,324991.51,false
9bfa4a17-f271-4b9d-9c64-cc3631bf39ae,O' Mulderrig,84.16,59314.04,347340.23,true
8461a72a-d08a-4b72-abf8-51bacc357a18,Winchurch,71.35,98190.62,85051.05,true
a4c8502a-66ce-4f1b-b922-36b4a9d97c2a,Nimmo,90.66,57027.87,392799.43,false
e3e43365-9af7-4e60-af0b-01e9aebe292f,Grayley,67.82,32349.18,285424.02,false
24b7c98c-8569-4452-9d5d-23cd5197c8fc,Petrie,32.42,67415.25,381292.44,false
58954dcf-ffc1-427a-9ec1-38b69a20aa0c,Athersmith,79.20,31109.45,347610.69,false
d93a83de-b078-456b-a47a-6e13eb0eeb35,Pochon,56.28,53112.55,103159.41,false
5d57912d-29c5-4fe4-bbf2-54f5497197e9,Burland,66.71,99328.16,137493.95,true
52164929-7797-4636-aad3-a9b0455bde80,Marre,54.84,68854.11,141147.23,false
eef32bbb-9082-414f-9d66-151870a7e05f,Rickert,58.27,86114.64,239240.59,true
c3430fde-126a-4d5d-a246-02532ab72aad,Benford,43.69,94637.49,271205.06,false
8a3ba822-3703-4076-8682-a3dfc98e1f68,Greenall,98.28,61553.70,417159.86,true
e4538647-8e30-44cb-a95d-c297f871fbd9,Roch,45.93,59740.85,255237.71,true
edde47b9-5849-4460-a731-9aa6d4b80260,Palfree,74.95,36454.22,107049.19,true
f1f9c737-1532-4bfb-ba9c-a4c3576f4e41,Alen,49.80,40418.20,199225.32,false
d44eafc1-ee72-4a69-affe-3dfbe773d2eb,Mabee,51.47,46395.48,60510.44,false
e5ab175b-572b-4da0-9d69-ef628951c5a3,Kyneton,84.89,37582.90,366961.45,true
4c698d18-dacb-4d6c-aeee-3f4c9da84b9c,Mildenhall,43.70,69338.61,323469.12,false
190fd549-766f-4042-8f60-cb8ec56815c7,Phlippsen,25.70,86371.83,304417.26,true
276722dc-8db7-4403-83bf-6e2de2ef4142,Kyneton,34.41,92682.58,357450.49,true
08f96406-b782-49e5-948d-c26c473e4dff,Raddan,18.39,54850.10,358781.72,false
703b1cf0-641b-4390-bd87-f5e7f80121fc,Koubek,52.76,32189.54,110232.59,true
7aaa7663-0daf-469a-a75b-8133ab6ae110,Springtorp,43.23,34516.25,379373.75,true
2204ed58-82d4-496d-95f9-345cae6a4f5e,Bedminster,22.50,79040.44,441252.56,false
19eb6641-2988-454e-a2bc-0d75e5921323,Staley,20.14,76064.78,187398.09,true
b792e1f0-46b4-4b4a-bd9b-6018c5bbda22,Elmhirst,67.72,51038.20,250892.28,true
d3f7fb58-07ff-43e1-b958-d5f56a9da175,Putnam,94.11,60943.84,176210.28,false
62543f2e-a68f-41ad-b544-801be1a6e491,Eidler,92.54,42132.44,187485.42,true
cde37ee3-cb3a-4422-a9f8-ea85339d7b3c,Meffin,54.57,98906.65,298402.23,true
d6c0e055-d90a-4a80-b59c-f4533d424904,Wyllcocks,55.78,33062.31,412532.95,true
3c5b7f4d-ef91-4c24-bd3d-f9aa46d15077,Holson,51.45,42456.30,240194.97,true
7d042e98-4b6a-4a09-9793-d82a817b58ec,Laffin,53.69,70916.26,447616.14,false
5da7fc84-e1f3-4e0d-82f6-07331b73a010,Semonin,75.59,68155.02,397855.95,true
7b36a7df-498f-477a-a60c-0bc8cfc881b8,Keirl,66.12,47674.44,205593.55,true
df25c447-7e32-46bf-a856-fc35e2cef75f,Moorman,66.52,37322.03,411219.69,false
492a86d6-3bdf-41b5-a338-193af8c7d254,Pagin,35.89,33890.98,268271.05,true
095b5c73-d061-4e7b-8ca6-36ce4f92baf9,McGuffog,83.42,34838.81,131507.66,true
a2621341-153b-4936-b962-7bb236572692,Runnicles,87.41,42510.42,129042.03,true
c84fd3d1-af6c-43ac-b5df-cdd9a96f295b,Burdytt,37.49,74303.57,311630.56,true
9a6bef63-399d-4ead-81ae-87a242fe704b,John,86.48,93374.81,378726.84,false
937b4771-a7a6-4008-8eff-18d3f1f0e88c,Rickets,82.41,89762.45,298033.99,true
4b4d2e91-143c-40bf-8732-c7b2c39ad850,Looks,81.08,65865.62,83584.94,false
524328bb-4905-463f-a183-3cbf5acf8f0b,Towll,78.61,87824.98,397991.99,true
45e102da-4159-4ca2-ab41-ffceaee301b1,Drysdale,27.52,40430.61,383037.48,true
959329f1-69d4-4fc8-aef3-e5b9c5fdfdfc,Paling,29.36,76346.32,270268.09,false
95563aa2-4ead-4a19-baac-6cb85957923d,Baggaley,51.65,57659.18,105401.52,true
e0312bb9-f889-42ea-b27d-81e893473262,Bust,55.81,94483.68,360985.27,true
901ef902-73f2-4480-83af-ceefa0201af3,Arrighi,79.00,99769.95,417023.42,true
7148cdfb-7eab-4538-99ec-e796a302c98f,Tick,78.36,62377.15,195745.47,false
de149ef8-37a4-4a53-b077-00d190685cd8,Honacker,53.42,41306.74,98831.24,true
764deabc-ae2b-4b06-8a7c-cfa9267b3ea7,Screaton,46.64,89913.60,358235.75,false
c42556f7-aef5-45b9-a514-848be00f704e,Piers,43.02,81979.39,289459.47,true
ae3a2870-3de9-4259-a924-d099486588fa,Flindall,68.23,66062.23,332998.23,true
432a6be4-0bfe-46ab-9fc6-8b739281d17d,Lorens,53.80,39838.16,107664.42,true
a6af2ab6-6f42-489f-8c6f-cf0af117b918,Chislett,99.59,43195.22,92232.01,false
7f122ac4-c9cc-4cc3-9c18-01f767fee4e7,Ephgrave,95.48,66509.50,191356.14,true
be7b4e7c-2047-4c73-82ae-7dd293f6fcac,Lorens,81.50,78106.11,176756.98,true
60c61968-00b9-46ff-be43-836b1187872a,Mepham,33.73,57423.41,412688.34,true
ca9ecf60-5c90-4baf-9099-a65999c6e3ec,Howgate,47.35,95109.22,162113.70,false
cd0d72bd-64bb-4d5f-a4c6-fcf8bd88cac9,Osselton,37.30,42790.05,312273.59,true
8f4ed1f2-d8cd-4c81-88ee-51f155a94f77,Cantle,91.11,87615.29,399667.44,false
b509e906-b3d1-45a5-9ca1-8f3404a8db43,Dureden,19.80,99429.98,433938.11,true
9dba584d-b7de-4678-85ad-5cd90dad2d31,Rendell,20.53,65965.54,82229.05,true
4e3bd512-0c0e-40cb-bca6-f8b5c6435417,Rase,70.41,55286.58,337039.75,true
eee864f8-8729-44ca-ae59-43fd211af11c,Lapthorne,72.94,91150.65,144535.96,false
0d9766c3-1565-4fa0-b5b3-88c7984e1aa5,Huygens,71.84,98838.11,411927.80,true
d6c03ad0-63fe-427a-ba67-b36efe45dd36,Barbey,37.40,45281.51,410130.33,true
a5207f8c-4983-4301-8123-df14728a18df,Frentz,32.48,91849.16,188883.31,false
86cd9536-ef9a-4e7f-929b-036600f418f7,Vine,47.86,56954.71,180483.07,true
cdfb32a0-9676-4c6b-a440-38dda9589fe0,Gimeno,32.97,38848.66,440686.15,true
6952bd64-a39a-4779-9060-d8fbf6863fb6,Walewski,91.17,44121.93,299750.21,true
709802d9-7528-4268-be68-eecc7a6308c1,MacKegg,48.79,65225.13,377025.57,false
5a32666b-3d37-4312-b730-56566521a9b0,MacKimmie,19.71,35786.70,274242.90,false
b24668e4-9524-4711-988f-ea5a56a4e785,Bauduin,37.73,78787.00,315259.86,true
4b9d9f76-e7d4-4c68-b8e1-79f17615029f,Antuoni,57.82,31634.77,137279.36,false
bf3220ae-bf3a-4247-9abe-3158db1d8926,Brislawn,35.57,77101.01,73090.60,true
482e1353-acd8-4d1d-95da-34860ae27fb3,Huyghe,21.63,36920.72,438128.85,true
7db67ebf-cb15-46b3-98e1-a8eb08496308,De Giorgi,92.05,91133.31,258470.84,false
dde67617-1270-4d24-8dc9-e2242be6950c,Skelington,20.57,99965.14,79176.50,false
ddc53d83-e04a-414e-a0fd-923432e97f46,Grassett,74.18,55140.95,385082.71,false
4ebfbae3-cf9a-4133-865c-18bf66bdf6dc,Gonet,90.39,61509.15,295655.35,true
7193dc59-1a38-4302-be28-70e44bfec561,Blazynski,67.63,73282.55,256166.94,false
b55365da-c6f0-480b-a904-45691de390c2,Guilliatt,29.12,80157.62,380648.44,true
296ec0c4-ab4d-4615-9dbb-44f6acaef3fb,Jillis,75.02,94875.20,400878.68,false
5e13bf1c-b9de-49a6-bdbc-3fdab40e975e,Gillian,22.99,61459.78,421422.71,true
b9f2f430-a048-4428-94f2-968bc125bb8a,Waumsley,75.61,96221.84,131733.34,false
b0cff8a8-c3c7-4c67-998f-5c530fd2b4ec,Pitney,43.48,59178.20,413128.48,false
6d42e9c5-19b7-4d8e-a595-68482b9cd00d,Applebee,71.94,48434.70,409117.61,false
16db5524-614d-44fe-8685-f4cb51294704,Dubble,44.14,74177.79,224578.39,true
73d754f9-8f00-440f-b69f-5c9c0e0bb720,O' Meara,92.14,59950.63,429596.80,true
3c8fb053-de85-4271-a728-27bcd576fd16,Buxcy,67.87,57895.69,153152.50,true
76f61cde-cd3c-4aae-b61b-bd0e2f2ee074,Pockett,66.01,34522.14,357293.13,false
b7e85ef9-5a1b-44fa-8de0-859fb68a3bae,Wedgwood,46.25,67144.55,273666.52,true
7683b817-3aac-4508-860a-c51cbebd566a,Nixon,31.04,69190.52,114982.91,false
ce79df32-9e07-4953-add2-baa880a81c95,Sparwell,35.36,87023.27,196726.02,true
2999a268-aa1c-42e1-be5b-0ba4c45fcf07,Ivetts,30.47,46891.56,75803.23,false
7ea792f1-ee14-4742-a8b8-a317c978b5b8,Cranmer,48.65,30711.02,401043.74,true
e1382ce2-4a3a-4552-9ccc-80864624a81b,Woolvett,82.64,48421.16,347182.35,true
0374ca83-da31-4223-80db-1924d7704d88,McKaile,61.95,71065.72,394117.07,false
faee154d-1b10-44a5-9f31-0678b511dc6d,Bruty,37.17,32889.40,417454.74,true
d0c3b3ce-1d44-4cba-95c8-e6fccfe41d30,Giraldon,63.77,95953.89,248232.29,false
a6d33024-9cc1-4cf7-89de-0d65fd3d3bbe,Coleyshaw,87.79,80716.03,432736.39,false
ce11c052-6ab3-42f8-b6ab-e4a308fe8308,Thrasher,86.80,80096.83,272154.44,false
400bd177-a663-45b7-a226-8a506579632d,Tillerton,99.13,82372.91,408136.75,false
899f8f27-e2d2-499f-864b-a4530f79928b,Balle,28.11,38284.34,190077.68,true
9d08fbf5-1378-4d3a-a701-b95c33d3b848,Calliss,88.37,99835.65,422506.43,true
e37de55d-612e-4e11-bba5-1eb44ddcfac0,McRavey,93.68,46305.41,256624.46,false
71ec3a3f-87da-4068-a41b-1b8a82936696,Dowall,97.67,35702.70,154800.94,false
71b86f7c-5884-4edd-b400-a860906d5b6f,Retchless,29.97,46841.76,229344.09,true
df397b65-acf4-4173-95a5-85976742f2e9,Elnaugh,19.64,92979.40,366056.32,false
495adf8a-9f14-49a4-a4b8-f061ba468203,Manvell,52.20,80207.37,155754.42,false
e06cfc02-a0d3-4f91-941f-8495674aa27e,Bettridge,81.38,79142.31,62554.91,true
030db01f-a1e2-4103-b673-767f8964531f,Weald,48.65,37072.01,378665.76,false
d5e4c512-415c-4afe-8b99-b7b1fd0eee38,Douch,74.55,66519.47,367198.14,true
c8080128-5a26-48e9-a04e-d491ddc5224e,Jekyll,31.07,96749.42,429512.59,true
c873e2d2-fef9-4b7d-b13b-a68290bd5184,Wilsey,21.64,65392.60,106451.82,true
8aadb5d9-0e60-4ca2-bbe3-acbcee64cada,Voas,63.58,50783.26,211716.85,true
a66df886-8bd1-44c3-a534-a671e876a275,Dregan,75.81,70886.39,196112.71,true
1c89c7fe-e953-44f6-809e-89fd2fc0bfd4,Jauncey,55.79,63632.98,155243.00,false
7d66b32a-3e7b-49dd-8064-e37558c7646a,Heart,65.27,98035.65,86547.14,true
dee3cba9-ea85-4339-8ade-a918af2767a4,Medley,83.34,31906.22,160541.32,false
3f1ecb4c-748f-4cbd-842c-77b96131948d,Philbin,90.33,81756.87,282429.26,false
63b35411-a078-4b66-9836-9a50711c4c0a,Knotte,92.44,41017.15,379512.72,true
86c2c28c-a96c-4c04-943a-cfdf55df68ac,Sprowle,29.64,84651.72,260514.29,false
e09774db-bf12-4147-9509-53c868e60ee1,McGlue,91.21,53580.46,220331.58,false
18664a1b-8602-4be8-af54-9ba2ad838943,Shear,49.84,89204.66,82183.97,false
5e723cd1-90c5-4c6f-847e-da001ea8a5df,Barti,65.39,61801.73,314909.68,false
7a49c0d3-7978-4f76-a919-e522b0c28b15,Swales,81.07,37642.86,362304.05,false
6d90f50c-8f0d-455e-88a2-165026e2f923,Sawter,40.85,97689.85,328252.81,false
3217c7a0-f22f-4dc3-931d-adf920a1aa9c,Goncaves,78.30,46974.48,79808.88,true
56f7bffb-9a3b-4b8e-a965-af8a5be2f045,Ferrulli,80.72,80974.50,373958.50,true
9e8c4460-0bcd-4e12-a82e-b83a0175c7d0,Burker,89.13,67146.57,336369.87,true
c6df65cb-0ede-440b-a1cf-aa750b4d169f,Pietz,38.77,34453.16,146088.19,true
c67f8dea-b811-46f5-8230-5acb5626b4f2,Blatchford,66.52,62110.27,251146.16,false
f694af30-64f3-4057-bcb6-1b163cb54809,Spottiswoode,47.35,53726.11,186920.03,true
31d6b01d-02f5-4e0b-928d-b8f35bde78c5,Scopes,41.31,48747.83,199156.67,false
021aedfd-cf38-45b8-a4af-87ee404f80f8,Leaves,46.82,40460.15,371219.13,false
7a710685-7f2b-4078-b13a-35cddd2505fe,Pellman,71.65,35853.12,115619.27,true
e13dad08-7ff6-43fe-80a9-bfc4c0ee8c7d,Longhi,91.34,73113.58,61843.98,true
6bfba707-29a4-4c3b-8c6f-575a688a9a8f,Jersch,52.09,97547.63,175082.31,false
c7574c73-2e9f-4060-bdc9-81c2f2064d34,Kennifeck,96.78,43607.06,154354.97,true
d4c30cc2-d8b8-466a-9e08-a6b0476e59f0,Longstreet,71.89,84972.33,84418.10,true
056cdb25-3988-4be0-ad50-71df2cd03531,Giuroni,74.04,94873.90,79019.17,true
a5b588b2-b702-4850-978e-0c0d2e975db1,Binder,21.50,50437.01,228431.59,false
8c9d068c-ea39-41b8-a494-56a3addf6af6,Browett,76.58,96185.38,129429.70,true
4469d42d-b743-44b7-9874-9fd264f0770f,Pharaoh,23.26,51452.90,342415.80,true
1f296836-a9d8-4056-a14d-8eff4f8e12cb,Bebb,82.06,65456.89,124637.30,true
8abd4f08-1ebb-42fe-a012-c9582e0034a5,Whitman,74.32,70363.80,255458.69,false
26cd6dc0-1d80-45e7-8c49-b236574a1124,Hambatch,26.93,94264.95,365891.88,true
ae27ed3c-947a-4f84-8f57-b20e23f9d7b3,Nevett,21.78,70365.10,214807.56,false
005d0fdd-4823-44e7-80d7-15378bb28b14,Gowanlock,41.77,63633.06,285523.94,false
dbf5e289-7557-4ba2-a66c-3f79e000fb5d,Cawdell,99.23,99083.83,254713.64,false
8eb6eb3a-cdb3-4ae8-b900-96429ba3e5b4,Sussams,20.22,77537.03,125472.38,true
3f629853-c5c7-4824-b9a1-ee5ca63f1398,Coxen,60.25,75748.47,227582.82,true
31ead992-4eae-4dd6-b6e6-174b33934978,Grote,33.47,70230.58,433430.58,true
777ae54d-ea91-4f0e-92ce-b6b2459d4825,MacCole,83.89,37532.85,435802.43,true
b2e2b86c-ff7d-4127-b073-6356b23e07b4,Mariolle,80.15,58793.57,409576.24,true
a10a8f87-637f-4f23-ae75-712888718b3c,Spikeings,81.18,79533.35,60694.76,true
429edbf3-7dab-4816-9dfd-9f14df202e55,Reynard,80.33,99841.91,189835.24,true
ffb312b8-7e41-47df-986c-9122e16a9a97,Dumbare,57.90,98199.76,236580.92,false
e062ef8f-bfac-4a27-8885-c7748a8fc11c,Badam,83.02,93559.82,354895.77,false
fc6dce09-0c7e-48e9-b439-f7c56444a72c,Peeter,60.86,31299.69,77296.33,true
fad2f400-227a-47d7-a201-a010ab09dc93,Pendre,87.71,70180.34,269100.50,true
aea92ad3-d524-482a-95c2-856bc15f7ddb,Vankeev,72.25,90287.71,142438.10,false
34ee41e3-4ce7-4934-9d2f-43b84294b8d7,Rieflin,75.03,92818.20,417715.40,true
ae5654fc-47d4-44cb-a69d-85cbdfa812c1,Unwin,99.28,95696.44,269245.58,false
e4bf9e77-703e-4682-b1b3-2ffe9cee4fdf,Erlam,54.34,87926.05,444577.89,true
4f7acab6-cb8d-4e3f-929e-7000aed83699,Bernetti,55.07,37772.31,301998.35,true
70c4de34-a367-4d86-8349-aad74d380c3f,Challin,96.42,76783.84,387399.89,false
7d90ae4d-6f15-4acd-9595-05f79fcdb042,Heffron,40.63,57364.72,330039.02,true
f2b4fdb0-57d5-4357-863a-865466fb26d1,Pickless,76.30,33104.89,103272.59,false
511ca07e-0ef0-413a-a6c7-7b3b521f6643,Kattenhorn,29.82,91158.91,186731.08,false
9f957e1d-f916-4de4-aa7d-c6dc37490655,Hutchinges,91.48,55708.97,220313.06,false
6b7fa8c2-e678-496a-8c4f-92d16411f422,Bartalucci,33.71,53989.57,386028.47,true
c7981c3d-c421-47cd-96db-df652fc8f199,Atmore,75.14,60587.25,392553.25,true
b8304164-868a-4e44-8340-15d572f03e84,Elkin,22.10,89094.50,128187.05,false
2c516011-22d0-469a-a834-a071d76058f1,Feavearyear,21.85,49840.85,208921.15,false
a72b6206-17de-4501-ba38-892365cf6964,Thirsk,33.52,68448.11,382920.59,true
69c6f934-3997-4723-a506-83f5a5dc4f52,Huggill,71.36,85629.04,312651.09,true
ee458ecf-3cf4-46fe-8427-13e60efbb576,Cunliffe,94.30,89148.96,350851.53,true
ec051ada-076b-4aed-9d4f-ff146e15cfc1,Pudan,32.63,40088.03,371871.17,true
3c7f1853-1801-414e-9d36-e20ffc05db39,Rigeby,53.06,79844.18,151331.70,false
a3a7d8a7-6e40-4aef-85fa-dc9426afd981,Bolzmann,20.58,73042.61,303153.58,true
efad69e2-a266-4547-94bc-ddb37059bf73,Roblin,29.03,95458.87,315103.68,false
d6f34824-fd78-446b-ab6f-64cea5ef861c,Deveraux,65.92,55327.44,445087.20,false
115eee9e-e93b-4594-8526-546dc7951998,Hiddersley,33.98,62253.54,108403.92,false
55945e56-582c-4adb-a55b-b07584ef4cc2,Childs,58.77,62286.66,354805.31,true
d79335bc-b5b9-4605-9c43-9c66a6ef4f22,Patriskson,52.83,62084.07,360329.61,false
308b4c8b-bb79-48b7-8749-166fe48d6e32,Hancill,93.19,68336.76,176296.94,true
1ccd89c8-1f46-46ea-a9a9-b65e24904b5a,Spyby,71.98,86106.82,247165.34,true
34b455e9-04ab-465f-84b0-ce12f2cc0a20,Bodimeade,85.03,70819.64,244850.15,true
e80ed099-b5a6-4261-98eb-593af1260de3,Waistell,35.37,99630.17,263656.97,true
929620fc-6155-46da-97ac-e28278a73fbb,Pritchard,34.72,42855.27,414125.99,true
8a92c0e5-d530-4a5d-95c6-b426b54a79ab,Halfhide,42.48,58591.08,353380.99,false
8b7753b9-d4fe-433c-ad74-a7a8b7cae4da,Hymer,62.68,74244.44,318603.27,false
9cbba846-b212-471d-b2b7-caa74667aa9a,Sylvaine,18.83,59101.35,118222.50,false
1a383650-66e2-47cc-88d1-7c1bfb84110f,Kilrow,40.68,90778.33,413891.73,false
823a0236-c1a5-4816-a67a-725da6116d50,de Zamora,50.70,82500.24,127266.93,true
b3b6167d-8a32-477d-8eaf-40b26c2e77a8,Fewster,70.84,89733.66,360488.09,false
4ef63371-df17-4cbc-a694-83aa8d43bc87,Peller,56.30,44716.64,81508.46,true
dfbcf998-a6ea-4e29-9db5-5c076e9d95a1,Iowarch,79.82,80495.60,425943.48,true
5dfc0daa-c794-453e-a77b-016ac5d8604d,McCurtain,41.29,42185.12,297266.30,true
50fff1fc-4f2d-4261-884d-9edde68348b1,Battrum,22.14,98690.47,396278.29,false
0fb3f749-36af-47f6-999c-6ceeecfbe830,Danaher,48.16,92781.27,180577.02,true
5da5f973-f3c9-4a99-949e-237e4e07fc68,Vanyashin,60.93,98742.28,62333.18,true
bb489c72-c1ce-486e-bf92-35b885c8d89d,Cathro,67.19,59981.85,232067.42,true
397b8aa3-e20f-4b69-b818-c44d74133919,Gammel,23.23,38569.02,88896.28,false
861451b0-a4a2-4280-b7bd-a96a1e6c1eef,Jacqueme,61.83,34200.64,420516.51,true
38ad79e0-91b8-46c0-9fd1-17513da51d8a,Gairdner,49.14,64985.64,444403.00,true
589a0caa-d791-4f66-a15f-653bf10b9882,Climo,58.68,55125.08,94410.61,true
22307fd0-3e4c-4004-b174-3dbdad8cbf4a,Langridge,26.76,82633.38,103076.33,true
b4f9c5db-3f83-48d6-8035-a09f078a6916,Grasser,50.32,50949.64,116530.87,true
9dd4e3b4-4880-43b2-ba78-0d5dbbdaf6c0,Basant,52.43,57611.85,388062.92,true
1236109e-de3a-4cb9-b4ae-3dff1972f287,Portress,56.88,66857.60,431183.11,true
be53255d-6f60-4c03-929e-8a0d91c35be8,Baurerich,72.02,61853.16,193225.06,false
575f7ebf-e530-4623-821b-6b9cb541974c,Josefsson,93.85,99050.36,332637.22,false
e2987355-4098-4011-b223-3e45d16a1bcc,Shew,74.81,68940.58,255596.07,false
617452cf-5d17-499a-8d09-ba3f9299678d,Inman,36.13,41206.76,117958.87,true
9d3f5ba8-903c-46bb-a51a-dc65bce5766c,Durrance,53.85,37341.47,439263.07,false
6818d91e-7160-4732-88d6-46c1b29e2b7d,Redgrove,44.65,50407.98,430294.43,true
31e18da5-3eab-4025-b0b3-5bb3b06dfc76,Lindner,75.24,86350.48,292467.05,false
53820776-15a9-44c3-a514-1a09bc79d22c,Varian,23.52,72152.82,357252.68,false
fea995de-b9cc-400b-9239-e0b913bb93d8,Ballinghall,68.57,78125.04,221519.67,false
b2309258-57bf-4e1e-88d0-ad8b0eceb918,Skells,89.84,98951.43,448258.09,true
3d1ecd90-e305-43ef-a422-97cfc5d62390,Cram,41.11,40872.03,132976.08,true
93c34746-a65a-44e3-9d7c-750d6ef30683,MacFadden,20.52,61863.21,444658.25,true
a73ae74c-979e-4f51-9e41-f802fc0f4155,Geach,53.57,73831.32,245710.33,true
6581c8c0-8df9-465b-9991-3ba58da74120,Ruprich,65.97,92905.88,363772.24,false
9c1adbc5-5227-4b29-baf9-6835b92ace55,Brehaut,43.32,68067.51,290844.72,false
65ff8e0b-1da1-4c92-afd1-c30857e3197a,Ingledew,18.30,40479.89,414566.36,true
579705bf-718d-41af-a6c3-d81bf9f63168,Dyde,18.59,65969.14,65783.06,false
b322547c-ecef-4665-83df-a1f7de61ce8d,Bigley,75.26,72441.92,328685.93,false
2fa7cae3-d16b-4746-8017-d9ce9078d0f0,Middlemiss,56.77,70890.53,383240.10,false
6d2f290b-3cbf-457b-8286-7eabc245a2d2,Willetts,27.46,89032.17,298071.40,true
165e61d2-02d2-4778-ac5a-73d911e42912,Newens,25.70,70966.68,67634.02,true
10fc626e-6782-48e3-87a7-78dc78c2f571,Aguirre,64.52,83027.51,432473.26,true
1337cd4a-5d0f-4a6a-98a8-219b421b8a25,Baradel,90.12,36638.34,410938.14,true
fd13d6c9-cb7c-4b78-a67a-a62c18dda5f5,Kobus,54.43,41804.31,102588.94,true
4de1475d-1db3-4f62-be24-c977ee79f5a3,Pennicott,63.12,84376.31,344586.31,true
72c88326-0f34-4127-a533-59a035dab0a3,Staries,19.74,59386.04,266749.56,false
224eebf9-faf0-4d29-8de2-2c924d82db73,Coda,47.97,87526.91,335658.41,true
56d7fc4a-3b33-4ed9-a564-55ce40b42079,Gildroy,47.95,80873.84,261053.29,false
fe281d83-500e-44f8-9281-5a8c30418ae5,Anespie,34.20,68674.36,317526.70,false
6fdc152d-bc28-4a74-b579-1d69d8029c3d,Elsley,91.95,47343.72,213659.91,true
6787ce00-d9fc-4628-b4ba-bb5550f103d9,Davidman,51.35,73807.21,231181.07,true
41105605-40ef-4097-a384-fb9570ed9a9a,Sugars,47.12,30356.37,101739.73,true
a6dd8649-a687-45c2-9027-a3b10ee01949,Chalfain,31.96,80474.25,428992.49,false
335ad23e-3e47-4eaa-af6c-78c357a6924b,Clementson,75.35,81981.46,406621.63,true
3fdb76cc-b1e1-47c0-8ef2-efc0c3430f37,Lippingwell,84.96,68188.92,367529.47,true
5560f6e5-6dd6-4a2c-8fd5-ef0d5b2ad6c0,Abbay,25.65,37368.41,289767.92,true
a82e1745-fce1-41bd-a9c6-8a2a4f17ba70,Camings,97.11,41888.53,202930.96,false
25199c10-29d7-408a-87ad-70d6a49a91b5,Nequest,59.74,42528.65,109729.47,true
0104120b-1924-4439-861a-75a5afe42139,McComish,93.56,98912.17,119516.60,false
a0917fe4-39c0-4a82-8e4a-ceb60e42b111,O' Dooley,46.53,34747.99,121941.54,false
4bc7f01b-7b19-48ae-bcd7-3e2c4e818b78,Symonds,46.44,36791.51,298808.93,true
eb382668-f498-47d7-add8-55aa5f5b7594,Aberdein,56.49,76953.62,249628.36,true
714ffb97-3f46-4e9d-9f52-3ee047d1bdf0,Lipman,25.78,39814.36,150424.56,false
1a54f484-ab38-454a-9305-f702336d8de3,McCraine,91.36,86604.61,306022.13,true
d1d1c761-9cfc-44b0-b6ea-dd649c8eb674,Markl,75.37,76663.89,85992.25,true
375ee532-2d07-4a4c-891d-263ddf495d35,Vail,51.94,92906.64,258311.94,false
afb4e82e-d418-4a91-af3e-43aae3e3055f,Favey,32.61,40801.41,389779.83,false
f1c33487-4d8d-4b4e-9431-70da6b1b47de,Leyes,70.32,98932.25,283028.68,true
445714ea-cba9-45e1-85f2-da20731586ae,Praundlin,75.25,39473.43,438546.72,false
17742504-599e-413b-b7b5-a9a36a6f8c09,Whooley,61.96,95003.14,344211.97,false
4657f822-1eb4-4b1e-a938-875b32df356b,Saltrese,49.70,74786.73,238568.34,true
8da10ba7-8e07-4edc-8bf1-f7a7e84afa4d,Wooster,33.72,35454.55,391635.83,true
2c26c4ca-e238-4af8-87d8-92b1b811340b,Desborough,72.71,83528.63,309597.61,false
cc35e643-7307-4433-96ea-ba4f46ef05ce,Bridgeland,37.04,83813.89,412405.33,false
81360ca9-d912-4bd9-bed6-956ff704d148,Pretsell,32.45,82513.44,384898.09,false
cb96c780-a758-45a5-b363-93db281cfe28,Seden,23.68,66721.24,82139.29,true
a5e46baa-4164-4ff7-8c07-9e5f8db1337a,Barrabeale,64.84,69180.22,260305.15,false
642e113f-3dbe-4d20-8e12-120b47e75fec,Buckett,67.62,71222.14,149474.55,false
d96b1170-3f0b-4ce2-a97a-bd8ba519f52d,Cornier,31.05,88739.33,191876.32,false
9b87c11e-5bc8-4ac8-83e4-bb1c6ad2955a,Clayfield,51.16,32166.14,309704.41,false
b43583f2-8555-47b2-9c31-d1901dce85db,Kos,35.96,31011.37,386655.43,false
6aed672e-703d-47eb-8615-93d4fd3f39f3,Stranahan,52.96,95104.63,258498.89,false
